Date,Horizon,Actual,Predicted,Error,Absolute_Error,Percentage_Error,Residual,Residual_STD,Lower_Bound_95,Upper_Bound_95,Within_95_Interval,Lower_Residual_95,Upper_Residual_95,Empirical_Lower_95,Empirical_Upper_95,Within_Empirical_95
2025-04-28,1-Day,2304.0,2288.7553404933246,15.244659506675362,15.244659506675362,0.6616605688661181,15.244659506675362,101.54521936437975,2089.72671053914,2487.783970447509,True,-181.03318840596185,173.86298731701132,2107.7221520873627,2462.618327810336,True
2025-04-29,1-Day,2309.0,2290.9165509366303,18.0834490633697,18.0834490633697,0.7831723284265785,18.0834490633697,101.54521936437975,2091.887920982446,2489.9451808908148,True,-181.03318840596185,173.86298731701132,2109.8833625306684,2464.7795382536415,True
2025-04-30,1-Day,2306.0,2286.0268515340344,19.97314846596555,19.97314846596555,0.8661382682552278,19.97314846596555,101.54521936437975,2086.99822157985,2485.055481488219,True,-181.03318840596185,173.86298731701132,2104.9936631280725,2459.8898388510456,True
2025-05-01,1-Day,2335.0,2272.866359192462,62.133640807538086,62.133640807538086,2.6609696277318236,62.133640807538086,101.54521936437975,2073.8377292382775,2471.8949891466464,True,-181.03318840596185,173.86298731701132,2091.8331707865,2446.729346509473,True
2025-05-05,1-Day,2339.0,2281.103510018287,57.896489981712875,57.896489981712875,2.4752667798936674,57.896489981712875,101.54521936437975,2082.0748800641027,2480.1321399724716,True,-181.03318840596185,173.86298731701132,2100.070321612325,2454.9664973352983,True
2025-05-06,1-Day,2335.0,2283.264720461593,51.73527953840721,51.73527953840721,2.2156436633150838,51.73527953840721,101.54521936437975,2084.2360905074083,2482.2933504157772,True,-181.03318840596185,173.86298731701132,2102.231532055631,2457.127707778604,True
2025-05-07,1-Day,2361.0,2278.375021058997,82.62497894100306,82.62497894100306,3.499575558704069,82.62497894100306,101.54521936437975,2079.3463911048125,2477.4036510131814,True,-181.03318840596185,173.86298731701132,2097.341832653035,2452.238008376008,True
2025-05-08,1-Day,2385.0,2278.7835703583446,106.2164296416554,106.2164296416554,4.4535190625432035,106.2164296416554,101.54521936437975,2079.75494040416,2477.812200312529,True,-181.03318840596185,173.86298731701132,2097.7503819523827,2452.646557675356,True
2025-05-12,1-Day,2394.0,2285.5001079392746,108.49989206072541,108.49989206072541,4.5321592339484305,108.49989206072541,101.54521936437975,2086.47147798509,2484.528737893459,True,-181.03318840596185,173.86298731701132,2104.4669195333126,2459.3630952562858,True
2025-05-13,1-Day,2394.0,2287.6613183825802,106.33868161741975,106.33868161741975,4.441883108497065,106.33868161741975,101.54521936437975,2088.632688428396,2486.6899483367647,True,-181.03318840596185,173.86298731701132,2106.6281299766183,2461.5243056995914,True
2025-05-14,1-Day,2410.0,2282.7716189799844,127.2283810200156,127.2283810200156,5.2791859344404815,127.2283810200156,101.54521936437975,2083.7429890258,2481.800248934169,True,-181.03318840596185,173.86298731701132,2101.7384305740225,2456.6346062969956,True
2025-05-15,1-Day,2437.0,2278.7835703583446,158.2164296416554,158.2164296416554,6.492262192928002,158.2164296416554,101.54521936437975,2079.75494040416,2477.812200312529,True,-181.03318840596185,173.86298731701132,2097.7503819523827,2452.646557675356,True
2025-05-19,1-Day,2467.0,2315.079524016897,151.9204759831032,151.9204759831032,6.158106039039448,151.9204759831032,101.54521936437975,2116.0508940627124,2514.1081539710813,True,-181.03318840596185,173.86298731701132,2134.046335610935,2488.942511333908,True
2025-05-22,1-Day,2504.0,2325.3692377037046,178.63076229629542,178.63076229629542,7.1338163856348,178.63076229629542,101.54521936437975,2126.34060774952,2524.397867657889,True,-181.03318840596185,173.86298731701132,2144.3360492977426,2499.2322250207158,False
2025-05-28,1-Day,2506.0,2332.6125188793944,173.38748112060557,173.38748112060557,6.918893899465505,173.38748112060557,101.54521936437975,2133.58388892521,2531.641148833579,True,-181.03318840596185,173.86298731701132,2151.5793304734325,2506.4755061964056,True
2025-05-29,1-Day,2528.0,2328.6244702577546,199.37552974224536,199.37552974224536,7.886690258791351,199.37552974224536,101.54521936437975,2129.59584030357,2527.653100211939,False,-181.03318840596185,173.86298731701132,2147.5912818517927,2502.487457574766,False
2025-06-04,1-Day,2503.0,2339.4616648350734,163.5383351649266,163.5383351649266,6.533692975027031,163.5383351649266,101.54521936437975,2140.433034880889,2538.490294789258,True,-181.03318840596185,173.86298731701132,2158.4284764291115,2513.3246521520846,True
2025-06-05,1-Day,2507.0,2333.9530029685384,173.04699703146161,173.04699703146161,6.902552733604372,173.04699703146161,101.54521936437975,2134.924373014354,2532.981632922723,True,-181.03318840596185,173.86298731701132,2152.9198145625764,2507.8159902855496,True
2025-06-10,1-Day,2523.0,2348.7479621586567,174.25203784134328,174.25203784134328,6.906541333386575,174.25203784134328,101.54521936437975,2149.7193322044723,2547.776592112841,True,-181.03318840596185,173.86298731701132,2167.714773752695,2522.610949475668,False
2025-06-24,1-Day,2470.0,2360.5880629558483,109.41193704415173,109.41193704415173,4.429633078710596,109.41193704415173,101.54521936437975,2161.559433001664,2559.6166929100327,True,-181.03318840596185,173.86298731701132,2179.5548745498863,2534.4510502728594,True
2025-07-01,1-Day,2373.0,2302.593545095637,70.40645490436282,70.40645490436282,2.9669808219284795,70.40645490436282,101.54521936437975,2103.5649151414527,2501.6221750498216,True,-181.03318840596185,173.86298731701132,2121.5603566896752,2476.4565324126484,True
2025-07-07,1-Day,2306.0,2289.6883782614286,16.311621738571375,16.311621738571375,0.7073556694957231,16.311621738571375,101.54521936437975,2090.659748307244,2488.717008215613,True,-181.03318840596185,173.86298731701132,2108.6551898554667,2463.55136557844,True
2025-07-08,1-Day,2281.0,2296.2461866257217,-15.246186625721748,15.246186625721748,-0.6683992383043291,-15.246186625721748,101.54521936437975,2097.2175566715373,2495.274816579906,True,-181.03318840596185,173.86298731701132,2115.21299821976,2470.109173942733,True
2025-07-15,1-Day,2164.0,2219.4812538742417,-55.4812538742417,55.4812538742417,-2.56382873725701,-55.4812538742417,101.54521936437975,2020.4526239200575,2418.509883828426,True,-181.03318840596185,173.86298731701132,2038.4480654682798,2393.344241191253,True
2025-07-22,1-Day,2111.0,2157.4711239392645,-46.471123939264544,46.471123939264544,-2.2013796276297746,-46.471123939264544,101.54521936437975,1958.4424939850803,2356.499753893449,True,-181.03318840596185,173.86298731701132,1976.4379355333026,2331.3341112562757,True
2025-07-23,1-Day,2096.0,2155.88533034321,-59.88533034321017,59.88533034321017,-2.8571245392752944,-59.88533034321017,101.54521936437975,1956.856700389026,2354.9139602973946,True,-181.03318840596185,173.86298731701132,1974.8521419372482,2329.7483176602213,True
2025-07-24,1-Day,2088.0,2157.280497245843,-69.28049724584298,69.28049724584298,-3.3180314772913304,-69.28049724584298,101.54521936437975,1958.2518672916588,2356.3091272000274,True,-181.03318840596185,173.86298731701132,1976.247308839881,2331.143484562854,True
2025-07-28,1-Day,2072.0,2165.5055613926374,-93.50556139263745,93.50556139263745,-4.512816669528834,-93.50556139263745,101.54521936437975,1966.4769314384532,2364.534191346822,True,-181.03318840596185,173.86298731701132,1984.4723729866755,2339.3685487096486,True
2025-07-29,1-Day,2063.0,2165.5055613926374,-102.50556139263745,102.50556139263745,-4.9687620645970645,-102.50556139263745,101.54521936437975,1966.4769314384532,2364.534191346822,True,-181.03318840596185,173.86298731701132,1984.4723729866755,2339.3685487096486,True
2025-07-30,1-Day,2058.0,2163.805406596258,-105.80540659625785,105.80540659625785,-5.141176219448875,-105.80540659625785,101.54521936437975,1964.7767766420736,2362.8340365504423,True,-181.03318840596185,173.86298731701132,1982.772218190296,2337.668393913269,True
2025-08-04,1-Day,2042.0,2169.2822612375653,-127.28226123756531,127.28226123756531,-6.233215535630034,-127.28226123756531,101.54521936437975,1970.253631283381,2368.3108911917498,True,-181.03318840596185,173.86298731701132,1988.2490728316034,2343.1452485545765,True
2025-08-05,1-Day,2036.0,2169.104948067039,-133.104948067039,133.104948067039,-6.5375711231355105,-133.104948067039,101.54521936437975,1970.0763181128548,2368.1335780212235,True,-181.03318840596185,173.86298731701132,1988.071759661077,2342.96793538405,True
2025-08-06,1-Day,2031.0,2164.152511909916,-133.15251190991603,133.15251190991603,-6.556007479562581,-133.15251190991603,101.54521936437975,1965.1238819557318,2363.1811418641005,True,-181.03318840596185,173.86298731701132,1983.119323503954,2338.015499226927,True
2025-08-07,1-Day,2006.0,2160.4926893949482,-154.49268939494823,154.49268939494823,-7.70152988010709,-154.49268939494823,101.54521936437975,1961.464059440764,2359.5213193491327,True,-181.03318840596185,173.86298731701132,1979.4595009889863,2334.3556767119594,True
2025-08-11,1-Day,1999.0,2162.656270223754,-163.65627022375384,163.65627022375384,-8.186906964670026,-163.65627022375384,101.54521936437975,1963.6276402695696,2361.6849001779383,True,-181.03318840596185,173.86298731701132,1981.623081817792,2336.519257540765,True
2025-08-12,1-Day,1997.0,2162.247962088042,-165.2479620880422,165.2479620880422,-8.274810319881933,-165.2479620880422,101.54521936437975,1963.219332133858,2361.2765920422266,True,-181.03318840596185,173.86298731701132,1981.2147736820802,2336.1109494050534,True
2025-08-13,1-Day,1994.0,2159.26011431248,-165.2601143124798,165.2601143124798,-8.287869323594773,-165.2601143124798,101.54521936437975,1960.2314843582956,2358.2887442666643,True,-181.03318840596185,173.86298731701132,1978.2269259065179,2333.123101629491,True
2025-08-14,1-Day,1991.0,2155.2762575916536,-164.27625759165358,164.27625759165358,-8.250942119118713,-164.27625759165358,101.54521936437975,1956.2476276374693,2354.304887545838,True,-181.03318840596185,173.86298731701132,1974.2430691856916,2329.1392449086648,True
2025-08-18,1-Day,1980.0,2161.9739784890476,-181.97397848904757,181.97397848904757,-9.190604974194322,-181.97397848904757,101.54521936437975,1962.9453485348633,2361.002608443232,True,-181.03318840596185,173.86298731701132,1980.9407900830856,2335.8369658060587,False
2025-08-19,1-Day,1983.0,2163.339165601961,-180.3391656019612,180.3391656019612,-9.094259485726738,-180.3391656019612,101.54521936437975,1964.310535647777,2362.3677955561457,True,-181.03318840596185,173.86298731701132,1982.3059771959993,2337.2021529189724,True
2025-08-20,1-Day,1972.0,2159.3597551349944,-187.35975513499443,187.35975513499443,-9.50100178169343,-187.35975513499443,101.54521936437975,1960.3311251808102,2358.388385089179,True,-181.03318840596185,173.86298731701132,1978.3265667290325,2333.2227424520056,False
2025-08-21,1-Day,1981.0,2159.0364879106223,-178.03648791062233,178.03648791062233,-8.987202822343377,-178.03648791062233,101.54521936437975,1960.007857956438,2358.065117864807,True,-181.03318840596185,173.86298731701132,1978.0032995046604,2332.8994752276335,True
2025-08-25,1-Day,1989.0,2167.707144715213,-178.70714471521296,178.70714471521296,-8.984773489955403,-178.70714471521296,101.54521936437975,1968.6785147610287,2366.7357746693974,True,-181.03318840596185,173.86298731701132,1986.673956309251,2341.570132032224,True
2025-08-26,1-Day,1988.0,2168.7010741571626,-180.70107415716257,180.70107415716257,-9.08959125539047,-180.70107415716257,101.54521936437975,1969.6724442029783,2367.729704111347,True,-181.03318840596185,173.86298731701132,1987.6678857512006,2342.5640614741737,True
2025-08-27,1-Day,1984.0,2165.3049182458885,-181.30491824588853,181.30491824588853,-9.13835273416777,-181.30491824588853,101.54521936437975,1966.2762882917043,2364.333548200073,True,-181.03318840596185,173.86298731701132,1984.2717298399266,2339.1679055628997,False
2025-08-28,1-Day,2010.0,2159.3134227029236,-149.31342270292362,149.31342270292362,-7.4285284926827675,-149.31342270292362,101.54521936437975,1960.2847927487394,2358.342052657108,True,-181.03318840596185,173.86298731701132,1978.2802342969617,2333.176410019935,True
2025-09-02,1-Day,2019.0,2167.54866782119,-148.54866782119007,148.54866782119007,-7.357536791539874,-148.54866782119007,101.54521936437975,1968.5200378670058,2366.5772977753745,True,-181.03318840596185,173.86298731701132,1986.5154794152281,2341.4116551382012,True
2025-09-03,1-Day,2015.0,2164.738133216154,-149.73813321615398,149.73813321615398,-7.4311728643252595,-149.73813321615398,101.54521936437975,1965.7095032619698,2363.7667631703384,True,-181.03318840596185,173.86298731701132,1983.704944810192,2338.601120533165,True
2025-09-04,1-Day,2026.0,2160.2043221900435,-134.2043221900435,134.2043221900435,-6.62410277344736,-134.2043221900435,101.54521936437975,1961.1756922358593,2359.232952144228,True,-181.03318840596185,173.86298731701132,1979.1711337840816,2334.0673095070547,True
2025-09-08,1-Day,2023.0,2163.747473737673,-140.74747373767286,140.74747373767286,-6.957364000873596,-140.74747373767286,101.54521936437975,1964.7188437834886,2362.7761036918573,True,-181.03318840596185,173.86298731701132,1982.714285331711,2337.610461054684,True
2025-09-09,1-Day,2025.0,2163.339165601961,-138.3391656019612,138.3391656019612,-6.831563733430183,-138.3391656019612,101.54521936437975,1964.310535647777,2362.3677955561457,True,-181.03318840596185,173.86298731701132,1982.3059771959993,2337.2021529189724,True
2025-09-10,1-Day,2047.0,2160.351317826399,-113.35131782639883,113.35131782639883,-5.537436141983333,-113.35131782639883,101.54521936437975,1961.3226878722146,2359.3799477805833,True,-181.03318840596185,173.86298731701132,1979.318129420437,2334.21430514341,True
2025-09-11,1-Day,2083.0,2157.3381200451836,-74.33812004518359,74.33812004518359,-3.568800770292059,-74.33812004518359,101.54521936437975,1958.3094900909994,2356.366749999368,True,-181.03318840596185,173.86298731701132,1976.3049316392216,2331.2011073621948,True
2025-09-15,1-Day,2095.0,2163.241891529992,-68.24189152999179,68.24189152999179,-3.2573695241046203,-68.24189152999179,101.54521936437975,1964.2132615758076,2362.2705214841762,True,-181.03318840596185,173.86298731701132,1982.2087031240299,2337.104878847003,True
2025-09-16,1-Day,2096.0,2163.241891529992,-67.24189152999179,67.24189152999179,-3.208105511927089,-67.24189152999179,101.54521936437975,1964.2132615758076,2362.2705214841762,True,-181.03318840596185,173.86298731701132,1982.2087031240299,2337.104878847003,True
2025-09-17,1-Day,2096.0,2157.7838731651877,-61.78387316518774,61.78387316518774,-2.947703872384911,-61.78387316518774,101.54521936437975,1958.7552432110035,2356.812503119372,True,-181.03318840596185,173.86298731701132,1976.7506847592258,2331.646860482199,True
2025-09-18,1-Day,2134.0,2155.838608395553,-21.83860839555291,21.83860839555291,-1.0233649669893585,-21.83860839555291,101.54521936437975,1956.8099784413687,2354.8672383497374,True,-181.03318840596185,173.86298731701132,1974.805419989591,2329.701595712564,True
2025-09-22,1-Day,2145.0,2161.6953319514505,-16.6953319514505,16.6953319514505,-0.7783371539137761,-16.6953319514505,101.54521936437975,1962.6667019972663,2360.723961905635,True,-181.03318840596185,173.86298731701132,1980.6621435454886,2335.5583192684617,True
2025-09-23,1-Day,2138.0,2180.0037329633146,-42.00373296331463,42.00373296331463,-1.9646273603047069,-42.00373296331463,101.54521936437975,1980.9751030091304,2379.032362917499,True,-181.03318840596185,173.86298731701132,1998.9705445573527,2353.866720280326,True
2025-09-24,1-Day,2132.0,2182.216628730996,-50.216628730996035,50.216628730996035,-2.35537658212927,-50.216628730996035,101.54521936437975,1983.1879987768118,2381.2452586851805,True,-181.03318840596185,173.86298731701132,2001.183440325034,2356.079616048007,True
2025-09-25,1-Day,2146.0,2162.690703763161,-16.690703763160855,16.690703763160855,-0.7777587960466381,-16.690703763160855,101.54521936437975,1963.6620738089766,2361.7193337173453,True,-181.03318840596185,173.86298731701132,1981.657515357199,2336.553691080172,True
2025-09-29,1-Day,2159.0,2184.945117690286,-25.945117690286224,25.945117690286224,-1.2017192075167311,-25.945117690286224,101.54521936437975,1985.916487736102,2383.9737476444707,True,-181.03318840596185,173.86298731701132,2003.9119292843243,2358.8081050072974,True
2025-09-30,1-Day,2163.0,2187.106328133592,-24.106328133591887,24.106328133591887,-1.114485812926116,-24.106328133591887,101.54521936437975,1988.0776981794077,2386.1349580877763,True,-181.03318840596185,173.86298731701132,2006.07313972763,2360.969315450603,True
2025-10-01,1-Day,2164.0,2214.422326008994,-50.42232600899388,50.42232600899388,-2.3300520336873327,-50.42232600899388,101.54521936437975,2015.3936960548097,2413.4509559631783,True,-181.03318840596185,173.86298731701132,2033.389137603032,2388.285313326005,True
2025-10-02,1-Day,2180.0,2205.7306587395797,-25.730658739579667,25.730658739579667,-1.1803054467697094,-25.730658739579667,101.54521936437975,2006.7020287853954,2404.759288693764,True,-181.03318840596185,173.86298731701132,2024.6974703336177,2379.593646056591,True
2025-10-06,1-Day,2189.0,2215.583297929283,-26.583297929283162,26.583297929283162,-1.2144037427721865,-26.583297929283162,101.54521936437975,2016.554667975099,2414.6119278834676,True,-181.03318840596185,173.86298731701132,2034.5501095233212,2389.4462852462943,True
2025-10-07,1-Day,2192.0,2217.744508372589,-25.744508372588825,25.744508372588825,-1.1744757469246727,-25.744508372588825,101.54521936437975,2018.7158784184046,2416.7731383267733,True,-181.03318840596185,173.86298731701132,2036.711319966627,2391.6074956896,True
2025-10-08,1-Day,2192.0,2206.406131126708,-14.406131126707805,14.406131126707805,-0.6572140112549182,-14.406131126707805,101.54521936437975,2007.3775011725236,2405.4347610808923,True,-181.03318840596185,173.86298731701132,2025.3729427207459,2380.269118443719,True
2025-10-09,1-Day,2223.0,2226.2384318264894,-3.238431826489432,3.238431826489432,-0.1456784447363667,-3.238431826489432,101.54521936437975,2027.2098018723052,2425.267061780674,True,-181.03318840596185,173.86298731701132,2045.2052434205275,2400.1014191435006,True
2025-10-14,1-Day,2225.0,2232.52362379723,-7.523623797229902,7.523623797229902,-0.33814039538111923,-7.523623797229902,101.54521936437975,2033.4949938430457,2431.5522537514144,True,-181.03318840596185,173.86298731701132,2051.490435391268,2406.386611114241,True
2025-10-15,1-Day,2233.0,2227.633924394634,5.36607560536595,5.36607560536595,0.24030790888338333,5.36607560536595,101.54521936437975,2028.6052944404498,2426.6625543488185,True,-181.03318840596185,173.86298731701132,2046.600735988672,2401.496911711645,True
2025-10-16,1-Day,2237.0,2226.2384318264894,10.761568173510568,10.761568173510568,0.48107144271392793,10.761568173510568,101.54521936437975,2027.2098018723052,2425.267061780674,True,-181.03318840596185,173.86298731701132,2045.2052434205275,2400.1014191435006,True
2025-10-20,1-Day,2251.0,2230.3624133539242,20.63758664607576,20.63758664607576,0.9168185982263776,20.63758664607576,101.54521936437975,2031.33378339974,2429.3910433081087,True,-181.03318840596185,173.86298731701132,2049.3292249479623,2404.2254006709354,True
2025-10-21,1-Day,2261.0,2260.388455796679,0.6115442033210456,0.6115442033210456,0.02704751009823289,0.6115442033210456,101.54521936437975,2061.3598258424945,2459.4170857508634,True,-181.03318840596185,173.86298731701132,2079.355267390717,2434.25144311369,True
2025-10-22,1-Day,2266.0,2255.498756394083,10.501243605916898,10.501243605916898,0.4634264609848586,10.501243605916898,101.54521936437975,2056.4701264398986,2454.5273863482676,True,-181.03318840596185,173.86298731701132,2074.465567988121,2429.3617437110943,True
2025-10-23,1-Day,2276.0,2254.1032638259376,21.896736174062426,21.896736174062426,0.9620710094052033,21.896736174062426,101.54521936437975,2055.074633871753,2453.131893780122,True,-181.03318840596185,173.86298731701132,2073.0700754199756,2427.9662511429487,True
2025-10-27,1-Day,2286.0,2261.4824779074233,24.517522092576655,24.517522092576655,1.072507528109215,24.517522092576655,101.54521936437975,2062.453847953239,2460.511107861608,True,-181.03318840596185,173.86298731701132,2080.4492895014614,2435.3454652244345,True
2025-10-28,1-Day,2280.0,2284.179020177379,-4.1790201773787885,4.1790201773787885,-0.1832903586569644,-4.1790201773787885,101.54521936437975,2085.1503902231943,2483.2076501315632,True,-181.03318840596185,173.86298731701132,2103.145831771417,2458.04200749439,True
2025-10-29,1-Day,2287.0,2279.289320774783,7.7106792252170635,7.7106792252170635,0.33715256778386815,7.7106792252170635,101.54521936437975,2080.2606908205985,2478.3179507289674,True,-181.03318840596185,173.86298731701132,2098.256132368821,2453.152308091794,True
2025-10-30,1-Day,2277.0,2277.8938282066383,-0.8938282066383181,0.8938282066383181,-0.039254642364440845,-0.8938282066383181,101.54521936437975,2078.865198252454,2476.9224581608228,True,-181.03318840596185,173.86298731701132,2096.8606398006764,2451.7568155236495,True
2025-11-03,1-Day,2270.0,2276.091754089093,-6.091754089092774,6.091754089092774,-0.26835921097324994,-6.091754089092774,101.54521936437975,2077.0631241349083,2475.120384043277,True,-181.03318840596185,173.86298731701132,2095.058565683131,2449.954741406104,True
2025-11-04,1-Day,2272.0,2278.2529645323984,-6.252964532398437,6.252964532398437,-0.27521850934852277,-6.252964532398437,101.54521936437975,2079.224334578214,2477.281594486583,True,-181.03318840596185,173.86298731701132,2097.2197761264365,2452.1159518494096,True
2025-11-05,1-Day,2264.0,2273.3632651298026,-9.363265129802585,9.363265129802585,-0.41357178135170425,-9.363265129802585,101.54521936437975,2074.334635175618,2472.391895083987,True,-181.03318840596185,173.86298731701132,2092.3300767238406,2447.2262524468138,True
2025-11-06,1-Day,2294.0,2270.447159316762,23.552840683238173,23.552840683238173,1.026714938240548,23.552840683238173,101.54521936437975,2071.4185293625774,2469.4757892709463,True,-181.03318840596185,173.86298731701132,2089.4139709108,2444.310146633773,True
2025-11-12,1-Day,2317.0,2298.9045524332996,18.095447566700386,18.095447566700386,0.7809860840181436,18.095447566700386,101.54521936437975,2099.875922479115,2497.933182387484,True,-181.03318840596185,173.86298731701132,2117.8713640273377,2472.767539750311,True
2025-11-13,1-Day,2340.0,2297.509059865155,42.490940134845005,42.490940134845005,1.8158521425147438,42.490940134845005,101.54521936437975,2098.4804299109705,2496.5376898193394,True,-181.03318840596185,173.86298731701132,2116.475871459193,2471.372047182166,True
2025-11-18,1-Day,2340.0,2303.7942518358955,36.205748164104534,36.205748164104534,1.5472541950472023,36.205748164104534,101.54521936437975,2104.765621881711,2502.82288179008,True,-181.03318840596185,173.86298731701132,2122.7610634299335,2477.6572391529066,True
2025-11-19,1-Day,2340.0,2298.9045524332996,41.095447566700386,41.095447566700386,1.756215707978649,41.095447566700386,101.54521936437975,2099.875922479115,2497.933182387484,True,-181.03318840596185,173.86298731701132,2117.8713640273377,2472.767539750311,True
2025-11-20,1-Day,2375.0,2297.509059865155,77.490940134845,77.490940134845,3.262776426730316,77.490940134845,101.54521936437975,2098.4804299109705,2496.5376898193394,True,-181.03318840596185,173.86298731701132,2116.475871459193,2471.372047182166,True
2025-11-25,1-Day,2389.0,2312.2181656166504,76.78183438334963,76.78183438334963,3.2139738126140487,76.78183438334963,101.54521936437975,2113.189535662466,2511.246795570835,True,-181.03318840596185,173.86298731701132,2131.1849772106884,2486.0811529336615,True
2025-12-01,1-Day,2407.0,2373.64751175361,33.35248824638984,33.35248824638984,1.3856455440959634,33.35248824638984,101.54521936437975,2174.6188817994257,2572.6761417077946,True,-181.03318840596185,173.86298731701132,2192.614323347648,2547.5104990706213,True
2025-12-02,1-Day,2419.0,2340.45374466292,78.54625533707986,78.54625533707986,3.247054788634967,78.54625533707986,101.54521936437975,2141.4251147087357,2539.4823746171046,True,-181.03318840596185,173.86298731701132,2159.420556256958,2514.3167319799313,True
2025-12-04,1-Day,2429.0,2362.2273555249067,66.77264447509333,66.77264447509333,2.748976717788939,66.77264447509333,101.54521936437975,2163.198725570722,2561.255985479091,True,-181.03318840596185,173.86298731701132,2181.1941671189447,2536.090342841918,True
2025-12-09,1-Day,2439.0,2379.497120514865,59.502879485135054,59.502879485135054,2.43964245531509,59.502879485135054,101.54521936437975,2180.4684905606805,2578.5257504690494,True,-181.03318840596185,173.86298731701132,2198.463932108903,2553.360107831876,True
2025-12-11,1-Day,2462.0,2373.2119285441245,88.78807145587552,88.78807145587552,3.6063392142922632,88.78807145587552,101.54521936437975,2174.18329858994,2572.240558498309,True,-181.03318840596185,173.86298731701132,2192.1787401381625,2547.0749158611357,True
2025-12-15,1-Day,2468.0,2383.598204948394,84.40179505160586,84.40179505160586,3.419845828671226,84.40179505160586,101.54521936437975,2184.5695749942097,2582.6268349025786,True,-181.03318840596185,173.86298731701132,2202.565016542432,2557.4611922654053,True
2025-12-16,1-Day,2481.0,2385.7594153917,95.2405846083002,95.2405846083002,3.8387982510399112,95.2405846083002,101.54521936437975,2186.7307854375154,2584.7880453458843,True,-181.03318840596185,173.86298731701132,2204.726226985738,2559.622402708711,True
2025-12-17,1-Day,2472.0,2380.869715989104,91.13028401089605,91.13028401089605,3.6865001622530764,91.13028401089605,101.54521936437975,2181.8410860349195,2579.8983459432884,True,-181.03318840596185,173.86298731701132,2199.836527583142,2554.732703306115,True
2025-12-18,1-Day,2484.0,2379.4742234209593,104.52577657904067,104.52577657904067,4.207962020090204,104.52577657904067,101.54521936437975,2180.445593466775,2578.502853375144,True,-181.03318840596185,173.86298731701132,2198.4410350149974,2553.3372107379705,True
2025-04-22,7-Day,2304.0,2310.4429914051807,-6.442991405180692,6.442991405180692,-0.2796437241831898,-6.442991405180692,160.4312321634986,1995.9977763647234,2624.888206445638,True,-294.5410952116712,222.6004733350858,2015.9018961935094,2533.0434647402667,True
2025-04-23,7-Day,2309.0,2310.4429914051807,-1.4429914051806918,1.4429914051806918,-0.06249421416980042,-1.4429914051806918,160.4312321634986,1995.9977763647234,2624.888206445638,True,-294.5410952116712,222.6004733350858,2015.9018961935094,2533.0434647402667,True
2025-04-24,7-Day,2306.0,2306.4424593774484,-0.4424593774483583,0.4424593774483583,-0.019187310383710247,-0.4424593774483583,160.4312321634986,1991.9972443369911,2620.8876744179056,True,-294.5410952116712,222.6004733350858,2011.901364165777,2529.0429327125344,True
2025-04-28,7-Day,2331.0,2257.8661565735424,73.13384342645759,73.13384342645759,3.137445020440051,73.13384342645759,160.4312321634986,1943.4209415330852,2572.3113716139997,True,-294.5410952116712,222.6004733350858,1963.3250613618711,2480.4666299086284,True
2025-04-29,7-Day,2339.0,2267.1640347597818,71.83596524021823,71.83596524021823,3.071225533998214,71.83596524021823,160.4312321634986,1952.7188197193245,2581.609249800239,True,-294.5410952116712,222.6004733350858,1972.6229395481105,2489.764508094868,True
2025-04-30,7-Day,2335.0,2267.1640347597818,67.83596524021823,67.83596524021823,2.905180524206348,67.83596524021823,160.4312321634986,1952.7188197193245,2581.609249800239,True,-294.5410952116712,222.6004733350858,1972.6229395481105,2489.764508094868,True
2025-05-01,7-Day,2361.0,2258.763869802541,102.2361301974588,102.2361301974588,4.330204582696265,102.2361301974588,160.4312321634986,1944.318654762084,2573.2090848429984,True,-294.5410952116712,222.6004733350858,1964.22277459087,2481.364343137627,True
2025-05-05,7-Day,2392.0,2250.531099130958,141.46890086904205,141.46890086904205,5.9142517085719915,141.46890086904205,160.4312321634986,1936.0858840905007,2564.976314171415,True,-294.5410952116712,222.6004733350858,1955.9900039192867,2473.131572466044,True
2025-05-06,7-Day,2394.0,2260.2637681464444,133.73623185355564,133.73623185355564,5.586308765812683,133.73623185355564,160.4312321634986,1945.8185531059871,2574.7089831869016,True,-294.5410952116712,222.6004733350858,1965.722672934773,2482.8642414815304,True
2025-05-07,7-Day,2394.0,2260.2637681464444,133.73623185355564,133.73623185355564,5.586308765812683,133.73623185355564,160.4312321634986,1945.8185531059871,2574.7089831869016,True,-294.5410952116712,222.6004733350858,1965.722672934773,2482.8642414815304,True
2025-05-08,7-Day,2410.0,2255.336660472457,154.66333952754303,154.66333952754303,6.417565955499711,154.66333952754303,160.4312321634986,1940.8914454319997,2569.781875512914,True,-294.5410952116712,222.6004733350858,1960.7955652607857,2477.937133807543,True
2025-05-12,7-Day,2457.0,2245.95142856463,211.04857143536992,211.04857143536992,8.589685447105003,211.04857143536992,160.4312321634986,1931.5062135241728,2560.3966436050873,True,-294.5410952116712,222.6004733350858,1951.4103333529588,2468.551901899716,True
2025-05-13,7-Day,2467.0,2258.216838280663,208.78316171933693,208.78316171933693,8.463038578003118,208.78316171933693,160.4312321634986,1943.7716232402058,2572.6620533211203,True,-294.5410952116712,222.6004733350858,1963.6757430689918,2480.817311615749,True
2025-05-14,7-Day,2467.0,2258.216838280663,208.78316171933693,208.78316171933693,8.463038578003118,208.78316171933693,160.4312321634986,1943.7716232402058,2572.6620533211203,True,-294.5410952116712,222.6004733350858,1963.6757430689918,2480.817311615749,True
2025-05-15,7-Day,2473.0,2258.216838280663,214.78316171933693,214.78316171933693,8.685125827712776,214.78316171933693,160.4312321634986,1943.7716232402058,2572.6620533211203,True,-294.5410952116712,222.6004733350858,1963.6757430689918,2480.817311615749,True
2025-05-19,7-Day,2504.0,2267.213801336973,236.78619866302688,236.78619866302688,9.456317837980306,236.78619866302688,160.4312321634986,1952.7685862965159,2581.6590163774304,True,-294.5410952116712,222.6004733350858,1972.6727061253018,2489.814274672059,False
2025-05-22,7-Day,2506.0,2282.0349110574602,223.96508894253975,223.96508894253975,8.937154387172376,223.96508894253975,160.4312321634986,1967.589696017003,2596.4801260979175,True,-294.5410952116712,222.6004733350858,1987.493815845789,2504.6353843925463,False
2025-05-28,7-Day,2516.0,2309.1460379236305,206.8539620763695,206.8539620763695,8.22154062306715,206.8539620763695,160.4312321634986,1994.7008228831733,2623.5912529640877,True,-294.5410952116712,222.6004733350858,2014.6049427119592,2531.7465112587165,True
2025-05-29,7-Day,2503.0,2309.1460379236305,193.8539620763695,193.8539620763695,7.744864645480204,193.8539620763695,160.4312321634986,1994.7008228831733,2623.5912529640877,True,-294.5410952116712,222.6004733350858,2014.6049427119592,2531.7465112587165,True
2025-06-04,7-Day,2523.0,2302.245771310293,220.7542286897069,220.7542286897069,8.749672163682398,220.7542286897069,160.4312321634986,1987.8005562698359,2616.6909863507503,True,-294.5410952116712,222.6004733350858,2007.7046760986218,2524.846244645379,True
2025-06-05,7-Day,2523.0,2297.8211226962767,225.1788773037233,225.1788773037233,8.92504468108297,225.1788773037233,160.4312321634986,1983.3759076558194,2612.266337736734,True,-294.5410952116712,222.6004733350858,2003.2800274846054,2520.4215960313627,False
2025-06-10,7-Day,2523.0,2339.588551566162,183.4114484338379,183.4114484338379,7.269577821396666,183.4114484338379,160.4312321634986,2025.1433365257049,2654.0337666066193,True,-294.5410952116712,222.6004733350858,2045.0474563544908,2562.189024901248,True
2025-06-24,7-Day,2391.0,2348.636709256247,42.36329074375317,42.36329074375317,1.7717812941762094,42.36329074375317,160.4312321634986,2034.1914942157896,2663.081924296704,True,-294.5410952116712,222.6004733350858,2054.0956140445755,2571.237182591333,True
2025-07-01,7-Day,2306.0,2300.952366098282,5.0476339017182,5.0476339017182,0.21889132271111014,5.0476339017182,160.4312321634986,1986.5071510578246,2615.397581138739,True,-294.5410952116712,222.6004733350858,2006.4112708866105,2523.552839433368,True
2025-07-07,7-Day,2181.0,2291.347998104803,-110.34799810480308,110.34799810480308,-5.059513897515043,-110.34799810480308,160.4312321634986,1976.9027830643458,2605.7932131452603,True,-294.5410952116712,222.6004733350858,1996.8069028931318,2513.948471439889,True
2025-07-08,7-Day,2171.0,2303.5813008041187,-132.58130080411865,132.58130080411865,-6.106923113962168,-132.58130080411865,160.4312321634986,1989.1360857636614,2618.026515844576,True,-294.5410952116712,222.6004733350858,2009.0402055924474,2526.1817741392047,True
2025-07-15,7-Day,2117.0,2312.4784588663115,-195.47845886631148,195.47845886631148,-9.233748647440315,-195.47845886631148,160.4312321634986,1998.0332438258542,2626.9236739067687,True,-294.5410952116712,222.6004733350858,2017.9373636546402,2535.0789322013975,True
2025-07-22,7-Day,2072.0,2274.2948915092493,-202.29489150924928,202.29489150924928,-9.763266964732107,-202.29489150924928,160.4312321634986,1959.849676468792,2588.7401065497065,True,-294.5410952116712,222.6004733350858,1979.753796297578,2496.8953648443353,True
2025-07-23,7-Day,2063.0,2270.294359481517,-207.29435948151695,207.29435948151695,-10.048199684028935,-207.29435948151695,160.4312321634986,1955.8491444410597,2584.739574521974,True,-294.5410952116712,222.6004733350858,1975.7532642698457,2492.894832816603,True
2025-07-24,7-Day,2058.0,2274.2948915092493,-216.29489150924928,216.29489150924928,-10.509955855648654,-216.29489150924928,160.4312321634986,1959.849676468792,2588.7401065497065,True,-294.5410952116712,222.6004733350858,1979.753796297578,2496.8953648443353,True
2025-07-28,7-Day,2040.0,2261.6436204736397,-221.64362047363966,221.64362047363966,-10.864883356550964,-221.64362047363966,160.4312321634986,1947.1984054331824,2576.088835514097,True,-294.5410952116712,222.6004733350858,1967.1025252619684,2484.2440938087257,True
2025-07-29,7-Day,2042.0,2272.8419862126866,-230.8419862126866,230.8419862126866,-11.30470059807476,-230.8419862126866,160.4312321634986,1958.3967711722294,2587.287201253144,True,-294.5410952116712,222.6004733350858,1978.3008910010153,2495.4424595477726,True
2025-07-30,7-Day,2036.0,2272.8419862126866,-236.8419862126866,236.8419862126866,-11.632710521251797,-236.8419862126866,160.4312321634986,1958.3967711722294,2587.287201253144,True,-294.5410952116712,222.6004733350858,1978.3008910010153,2495.4424595477726,True
2025-08-04,7-Day,1999.0,2257.6036824683065,-258.6036824683065,258.6036824683065,-12.936652449640146,-258.6036824683065,160.4312321634986,1943.1584674278492,2572.0488975087637,True,-294.5410952116712,222.6004733350858,1963.0625872566352,2480.2041558033925,True
2025-08-05,7-Day,1999.0,2269.836985167622,-270.83698516762206,270.83698516762206,-13.548623570166185,-270.83698516762206,160.4312321634986,1955.3917701271648,2584.2822002080793,True,-294.5410952116712,222.6004733350858,1975.2958899559508,2492.437458502708,True
2025-08-06,7-Day,1997.0,2269.836985167622,-272.83698516762206,272.83698516762206,-13.662342772539912,-272.83698516762206,160.4312321634986,1955.3917701271648,2584.2822002080793,True,-294.5410952116712,222.6004733350858,1975.2958899559508,2492.437458502708,True
2025-08-07,7-Day,1994.0,2270.763560813877,-276.7635608138771,276.7635608138771,-13.879817493173377,-276.7635608138771,160.4312321634986,1956.3183457734199,2585.2087758543344,True,-294.5410952116712,222.6004733350858,1976.2224656022058,2493.364034148963,True
2025-08-11,7-Day,1985.0,2265.3788609337826,-280.37886093378256,280.37886093378256,-14.124879644019273,-280.37886093378256,160.4312321634986,1950.9336458933253,2579.82407597424,True,-294.5410952116712,222.6004733350858,1970.8377657221113,2487.9793342688686,True
2025-08-12,7-Day,1980.0,2270.763560813877,-290.7635608138771,290.7635608138771,-14.685028323933189,-290.7635608138771,160.4312321634986,1956.3183457734199,2585.2087758543344,True,-294.5410952116712,222.6004733350858,1976.2224656022058,2493.364034148963,True
2025-08-13,7-Day,1983.0,2277.6442706498156,-294.64427064981555,294.64427064981555,-14.858510874927664,-294.64427064981555,160.4312321634986,1963.1990556093583,2592.089485690273,True,-294.5410952116712,222.6004733350858,1983.1031754381443,2500.2447439849016,False
2025-08-14,7-Day,1972.0,2277.6442706498156,-305.64427064981555,305.64427064981555,-15.499202365609307,-305.64427064981555,160.4312321634986,1963.1990556093583,2592.089485690273,True,-294.5410952116712,222.6004733350858,1983.1031754381443,2500.2447439849016,False
2025-08-18,7-Day,1980.0,2262.6056480957645,-282.60564809576454,282.60564809576454,-14.273012530089119,-282.60564809576454,160.4312321634986,1948.1604330553073,2577.050863136222,True,-294.5410952116712,222.6004733350858,1968.0645528840932,2485.2061214308505,True
2025-08-19,7-Day,1989.0,2283.4015049130053,-294.4015049130053,294.4015049130053,-14.801483404374324,-294.4015049130053,160.4312321634986,1968.956289872548,2597.8467199534625,True,-294.5410952116712,222.6004733350858,1988.860409701334,2506.0019782480913,True
2025-08-20,7-Day,1988.0,2281.863073330663,-293.86307333066316,293.86307333066316,-14.781844734942814,-293.86307333066316,160.4312321634986,1967.417858290206,2596.3082883711204,True,-294.5410952116712,222.6004733350858,1987.3219781189919,2504.463546665749,True
2025-08-21,7-Day,1984.0,2284.500405469304,-300.50040546930404,300.50040546930404,-15.1461897917996,-300.50040546930404,160.4312321634986,1970.0551904288468,2598.9456205097613,True,-294.5410952116712,222.6004733350858,1989.9593102576328,2507.10087880439,False
2025-08-25,7-Day,2010.0,2275.2025272830642,-265.2025272830642,265.2025272830642,-13.1941555862221,-265.2025272830642,160.4312321634986,1960.757312242607,2589.6477423235215,True,-294.5410952116712,222.6004733350858,1980.661432071393,2497.8030006181502,True
2025-08-26,7-Day,2020.0,2284.500405469304,-264.50040546930404,264.50040546930404,-13.094079478678418,-264.50040546930404,160.4312321634986,1970.0551904288468,2598.9456205097613,True,-294.5410952116712,222.6004733350858,1989.9593102576328,2507.10087880439,True
2025-08-27,7-Day,2019.0,2284.2733944604893,-265.27339446048927,265.27339446048927,-13.138850641926163,-265.27339446048927,160.4312321634986,1969.828179420032,2598.7186095009465,True,-294.5410952116712,222.6004733350858,1989.732299248818,2506.8738677955753,True
2025-08-28,7-Day,2015.0,2284.2733944604893,-269.27339446048927,269.27339446048927,-13.36344389382081,-269.27339446048927,160.4312321634986,1969.828179420032,2598.7186095009465,True,-294.5410952116712,222.6004733350858,1989.732299248818,2506.8738677955753,True
2025-09-02,7-Day,2023.0,2275.8004561121325,-252.80045611213245,252.80045611213245,-12.496315181024837,-252.80045611213245,160.4312321634986,1961.3552410716752,2590.2456711525897,True,-294.5410952116712,222.6004733350858,1981.2593609004612,2498.4009294472185,True
2025-09-03,7-Day,2025.0,2275.8004561121325,-250.80045611213245,250.80045611213245,-12.385207709241108,-250.80045611213245,160.4312321634986,1961.3552410716752,2590.2456711525897,True,-294.5410952116712,222.6004733350858,1981.2593609004612,2498.4009294472185,True
2025-09-04,7-Day,2047.0,2275.8004561121325,-228.80045611213245,228.80045611213245,-11.17735496395371,-228.80045611213245,160.4312321634986,1961.3552410716752,2590.2456711525897,True,-294.5410952116712,222.6004733350858,1981.2593609004612,2498.4009294472185,True
2025-09-08,7-Day,2086.0,2265.3788609337826,-179.37886093378256,179.37886093378256,-8.599178376499642,-179.37886093378256,160.4312321634986,1950.9336458933253,2579.82407597424,True,-294.5410952116712,222.6004733350858,1970.8377657221113,2487.9793342688686,True
2025-09-09,7-Day,2095.0,2277.3003544560356,-182.30035445603562,182.30035445603562,-8.70168756353392,-182.30035445603562,160.4312321634986,1962.8551394155784,2591.745569496493,True,-294.5410952116712,222.6004733350858,1982.7592592443643,2499.9008277911216,True
2025-09-10,7-Day,2096.0,2277.3003544560356,-181.30035445603562,181.30035445603562,-8.649826071375745,-181.30035445603562,160.4312321634986,1962.8551394155784,2591.745569496493,True,-294.5410952116712,222.6004733350858,1982.7592592443643,2499.9008277911216,True
2025-09-11,7-Day,2096.0,2277.3003544560356,-181.30035445603562,181.30035445603562,-8.649826071375745,-181.30035445603562,160.4312321634986,1962.8551394155784,2591.745569496493,True,-294.5410952116712,222.6004733350858,1982.7592592443643,2499.9008277911216,True
2025-09-15,7-Day,2141.0,2263.4579808658495,-122.45798086584955,122.45798086584955,-5.7196628148458455,-122.45798086584955,160.4312321634986,1949.0127658253923,2577.903195906307,True,-294.5410952116712,222.6004733350858,1968.9168856541783,2486.0584542009356,True
2025-09-16,7-Day,2145.0,2277.6442706498156,-132.64427064981555,132.64427064981555,-6.183882081576483,-132.64427064981555,160.4312321634986,1963.1990556093583,2592.089485690273,True,-294.5410952116712,222.6004733350858,1983.1031754381443,2500.2447439849016,True
2025-09-17,7-Day,2138.0,2280.792469907463,-142.79246990746287,142.79246990746287,-6.678787179956168,-142.79246990746287,160.4312321634986,1966.3472548670056,2595.23768494792,True,-294.5410952116712,222.6004733350858,1986.2513746957916,2503.392943242549,True
2025-09-18,7-Day,2132.0,2280.792469907463,-148.79246990746287,148.79246990746287,-6.979008907479497,-148.79246990746287,160.4312321634986,1966.3472548670056,2595.23768494792,True,-294.5410952116712,222.6004733350858,1986.2513746957916,2503.392943242549,True
2025-09-22,7-Day,2148.0,2275.2025272830642,-127.20252728306423,127.20252728306423,-5.921905366995541,-127.20252728306423,160.4312321634986,1960.757312242607,2589.6477423235215,True,-294.5410952116712,222.6004733350858,1980.661432071393,2497.8030006181502,True
2025-09-23,7-Day,2159.0,2298.140099610601,-139.14009961060083,139.14009961060083,-6.444654914803189,-139.14009961060083,160.4312321634986,1983.6948845701436,2612.585314651058,True,-294.5410952116712,222.6004733350858,2003.5990043989295,2520.740572945687,True
2025-09-24,7-Day,2163.0,2309.342617297433,-146.3426172974332,146.3426172974332,-6.765724331827702,-146.3426172974332,160.4312321634986,1994.897402256976,2623.7878323378904,True,-294.5410952116712,222.6004733350858,2014.801522085762,2531.943090632519,True
2025-09-25,7-Day,2164.0,2286.3058686444706,-122.30586864447059,122.30586864447059,-5.651842358801783,-122.30586864447059,160.4312321634986,1971.8606536040134,2600.751083684928,True,-294.5410952116712,222.6004733350858,1991.7647734327993,2508.9063419795566,True
2025-09-29,7-Day,2187.0,2299.8177281023795,-112.81772810237953,112.81772810237953,-5.158560955755808,-112.81772810237953,160.4312321634986,1985.3725130619223,2614.262943142837,True,-294.5410952116712,222.6004733350858,2005.2766328907082,2522.4182014374655,True
2025-09-30,7-Day,2189.0,2309.115606288619,-120.11560628861889,120.11560628861889,-5.487236468187249,-120.11560628861889,160.4312321634986,1994.6703912481616,2623.560821329076,True,-294.5410952116712,222.6004733350858,2014.5745110769476,2531.716079623705,True
2025-10-01,7-Day,2192.0,2313.9694203626455,-121.96942036264545,121.96942036264545,-5.564298374208278,-121.96942036264545,160.4312321634986,1999.5242053221882,2628.4146354031027,True,-294.5410952116712,222.6004733350858,2019.4283251509742,2536.5698936977315,True
2025-10-02,7-Day,2192.0,2313.9694203626455,-121.96942036264545,121.96942036264545,-5.564298374208278,-121.96942036264545,160.4312321634986,1999.5242053221882,2628.4146354031027,True,-294.5410952116712,222.6004733350858,2019.4283251509742,2536.5698936977315,True
2025-10-06,7-Day,2223.0,2304.700286420539,-81.70028642053921,81.70028642053921,-3.6752265596283946,-81.70028642053921,160.4312321634986,1990.255071380082,2619.1455014609965,True,-294.5410952116712,222.6004733350858,2010.159191208868,2527.300759755625,True
2025-10-07,7-Day,2235.0,2315.4693187065486,-80.46931870654862,80.46931870654862,-3.6004169443645915,-80.46931870654862,160.4312321634986,2001.0241036660914,2629.914533747006,True,-294.5410952116712,222.6004733350858,2020.9282234948773,2538.0697920416346,True
2025-10-08,7-Day,2225.0,2312.8319865679077,-87.83198656790773,87.83198656790773,-3.9475050142879877,-87.83198656790773,160.4312321634986,1998.3867715274505,2627.277201608365,True,-294.5410952116712,222.6004733350858,2018.2908913562364,2535.4324599029937,True
2025-10-09,7-Day,2233.0,2315.4693187065486,-82.46931870654862,82.46931870654862,-3.693207286455379,-82.46931870654862,160.4312321634986,2001.0241036660914,2629.914533747006,True,-294.5410952116712,222.6004733350858,2020.9282234948773,2538.0697920416346,True
2025-10-14,7-Day,2251.0,2315.8132349003286,-64.81323490032855,64.81323490032855,-2.8793085251145514,-64.81323490032855,160.4312321634986,2001.3680198598713,2630.258449940786,True,-294.5410952116712,222.6004733350858,2021.2721396886573,2538.4137082354146,True
2025-10-15,7-Day,2261.0,2315.8132349003286,-54.81323490032855,54.81323490032855,-2.4242916806868005,-54.81323490032855,160.4312321634986,2001.3680198598713,2630.258449940786,True,-294.5410952116712,222.6004733350858,2021.2721396886573,2538.4137082354146,True
2025-10-16,7-Day,2266.0,2315.8132349003286,-49.81323490032855,49.81323490032855,-2.198289271859159,-49.81323490032855,160.4312321634986,2001.3680198598713,2630.258449940786,True,-294.5410952116712,222.6004733350858,2021.2721396886573,2538.4137082354146,True
2025-10-20,7-Day,2282.0,2310.762456528035,-28.762456528034818,28.762456528034818,-1.2604056322539359,-28.762456528034818,160.4312321634986,1996.3172414875776,2625.207671568492,True,-294.5410952116712,222.6004733350858,2016.2213613163635,2533.362929863121,True
2025-10-21,7-Day,2286.0,2320.060334714274,-34.06033471427418,34.06033471427418,-1.4899533995745484,-34.06033471427418,160.4312321634986,2005.615119673817,2634.5055497547314,True,-294.5410952116712,222.6004733350858,2025.5192395026029,2542.66080804936,True
2025-10-22,7-Day,2280.0,2320.060334714274,-40.06033471427418,40.06033471427418,-1.7570322243102707,-40.06033471427418,160.4312321634986,2005.615119673817,2634.5055497547314,True,-294.5410952116712,222.6004733350858,2025.5192395026029,2542.66080804936,True
2025-10-23,7-Day,2287.0,2320.060334714274,-33.06033471427418,33.06033471427418,-1.4455765069643278,-33.06033471427418,160.4312321634986,2005.615119673817,2634.5055497547314,True,-294.5410952116712,222.6004733350858,2025.5192395026029,2542.66080804936,True
2025-10-27,7-Day,2269.0,2310.5354455192205,-41.5354455192205,41.5354455192205,-1.830561724073182,-41.5354455192205,160.4312321634986,1996.0902304787633,2624.9806605596777,True,-294.5410952116712,222.6004733350858,2015.9943503075492,2533.1359188543065,True
2025-10-28,7-Day,2270.0,2319.83332370546,-49.83332370545986,49.83332370545986,-2.1953006037647516,-49.83332370545986,160.4312321634986,2005.3881086650026,2634.278538745917,True,-294.5410952116712,222.6004733350858,2025.2922284937886,2542.433797040546,True
2025-10-29,7-Day,2272.0,2319.83332370546,-47.83332370545986,47.83332370545986,-2.105339951824818,-47.83332370545986,160.4312321634986,2005.3881086650026,2634.278538745917,True,-294.5410952116712,222.6004733350858,2025.2922284937886,2542.433797040546,True
2025-10-30,7-Day,2264.0,2317.195991566819,-53.195991566818975,53.195991566818975,-2.3496462706192127,-53.195991566818975,160.4312321634986,2002.7507765263617,2631.641206607276,True,-294.5410952116712,222.6004733350858,2022.6548963551477,2539.796464901905,True
2025-11-03,7-Day,2294.0,2303.200388076636,-9.200388076636045,9.200388076636045,-0.40106312452641874,-9.200388076636045,160.4312321634986,1988.7551730361788,2617.6456031170933,True,-294.5410952116712,222.6004733350858,2008.6592928649648,2525.800861411722,True
2025-11-04,7-Day,2294.0,2313.9694203626455,-19.96942036264545,19.96942036264545,-0.8705065546052942,-19.96942036264545,160.4312321634986,1999.5242053221882,2628.4146354031027,True,-294.5410952116712,222.6004733350858,2019.4283251509742,2536.5698936977315,True
2025-11-05,7-Day,2302.0,2313.9694203626455,-11.969420362645451,11.969420362645451,-0.5199574440766921,-11.969420362645451,160.4312321634986,1999.5242053221882,2628.4146354031027,True,-294.5410952116712,222.6004733350858,2019.4283251509742,2536.5698936977315,True
2025-11-06,7-Day,2317.0,2315.4693187065486,1.53068129345138,1.53068129345138,0.0660630683405861,1.53068129345138,160.4312321634986,2001.0241036660914,2629.914533747006,True,-294.5410952116712,222.6004733350858,2020.9282234948773,2538.0697920416346,True
2025-11-12,7-Day,2340.0,2287.5658491392305,52.43415086076948,52.43415086076948,2.2407756778106616,52.43415086076948,160.4312321634986,1973.1206340987733,2602.0110641796878,True,-294.5410952116712,222.6004733350858,1993.0247539275592,2510.1663224743165,True
2025-11-13,7-Day,2340.0,2287.9097653330105,52.090234666989545,52.090234666989545,2.226078404572203,52.090234666989545,160.4312321634986,1973.4645502925532,2602.3549803734677,True,-294.5410952116712,222.6004733350858,1993.3686701213392,2510.5102386680965,True
2025-11-18,7-Day,2375.0,2291.057964590658,83.94203540934222,83.94203540934222,3.5344014909196724,83.94203540934222,160.4312321634986,1976.6127495502005,2605.503179631115,True,-294.5410952116712,222.6004733350858,1996.5168693789865,2513.658437925744,True
2025-11-19,7-Day,2389.0,2286.1308569166704,102.86914308332962,102.86914308332962,4.305949898841758,102.86914308332962,160.4312321634986,1971.6856418762131,2600.5760719571276,True,-294.5410952116712,222.6004733350858,1991.589761704999,2508.7313302517564,True
2025-11-20,7-Day,2389.0,2284.592425334328,104.4075746656722,104.4075746656722,4.370346365243709,104.4075746656722,160.4312321634986,1970.1472102938706,2599.037640374785,True,-294.5410952116712,222.6004733350858,1990.0513301226565,2507.192898669414,True
2025-11-25,7-Day,2407.0,2358.1145565275133,48.88544347248671,48.88544347248671,2.0309698160567806,48.88544347248671,160.4312321634986,2043.669341487056,2672.5597715679705,True,-294.5410952116712,222.6004733350858,2063.573461315842,2580.7150298625993,True
2025-12-01,7-Day,2440.0,2343.0070046580154,96.99299534198462,96.99299534198462,3.975122759917402,96.99299534198462,160.4312321634986,2028.5617896175581,2657.4522196984726,True,-294.5410952116712,222.6004733350858,2048.465909446344,2565.6074779931014,True
2025-12-02,7-Day,2443.0,2351.985108937445,91.01489106255485,91.01489106255485,3.7255379067767027,91.01489106255485,160.4312321634986,2037.539893896988,2666.4303239779024,True,-294.5410952116712,222.6004733350858,2057.444013725774,2574.585582272531,True
2025-12-04,7-Day,2437.0,2361.4961576910323,75.5038423089677,75.5038423089677,3.0982290647914525,75.5038423089677,160.4312321634986,2047.050942650575,2675.9413727314895,True,-294.5410952116712,222.6004733350858,2066.955062479361,2584.0966310261183,True
2025-12-09,7-Day,2468.0,2385.006705318666,82.99329468133419,82.99329468133419,3.362775311237204,82.99329468133419,160.4312321634986,2070.5614902782086,2699.451920359123,True,-294.5410952116712,222.6004733350858,2090.4656101069945,2607.607178653752,True
2025-12-11,7-Day,2472.0,2385.006705318666,86.99329468133419,86.99329468133419,3.519146224973066,86.99329468133419,160.4312321634986,2070.5614902782086,2699.451920359123,True,-294.5410952116712,222.6004733350858,2090.4656101069945,2607.607178653752,True
2025-04-21,14-Day,2331.0,2302.966996433049,28.03300356695081,28.03300356695081,1.2026170556392455,28.03300356695081,237.33631866436514,1837.7878118508936,2768.146181015205,True,-617.7462115053249,197.20820042015066,1685.2207849277243,2500.1751968532,True
2025-04-22,14-Day,2339.0,2330.4851342664206,8.514865733579427,8.514865733579427,0.36403872311156166,8.514865733579427,237.33631866436514,1865.305949684265,2795.6643188485764,True,-617.7462115053249,197.20820042015066,1712.7389227610956,2527.6933346865712,True
2025-04-23,14-Day,2335.0,2330.4851342664206,4.514865733579427,4.514865733579427,0.1933561342004037,4.514865733579427,237.33631866436514,1865.305949684265,2795.6643188485764,True,-617.7462115053249,197.20820042015066,1712.7389227610956,2527.6933346865712,True
2025-04-24,14-Day,2361.0,2325.1850451687883,35.81495483121171,35.81495483121171,1.5169400606188779,35.81495483121171,237.33631866436514,1860.0058605866327,2790.364229750944,True,-617.7462115053249,197.20820042015066,1707.4388336634634,2522.393245588939,True
2025-04-28,14-Day,2392.0,2267.6387917279267,124.36120827207333,124.36120827207333,5.199047168564938,124.36120827207333,237.33631866436514,1802.459607145771,2732.8179763100825,True,-617.7462115053249,197.20820042015066,1649.8925802226017,2464.8469921480773,True
2025-04-29,14-Day,2394.0,2288.6750135520383,105.32498644796169,105.32498644796169,4.399539951878099,105.32498644796169,237.33631866436514,1823.4958289698827,2753.854198134194,True,-617.7462115053249,197.20820042015066,1670.9288020467134,2485.883213972189,True
2025-04-30,14-Day,2394.0,2288.6750135520383,105.32498644796169,105.32498644796169,4.399539951878099,105.32498644796169,237.33631866436514,1823.4958289698827,2753.854198134194,True,-617.7462115053249,197.20820042015066,1670.9288020467134,2485.883213972189,True
2025-05-01,14-Day,2410.0,2278.5241711944377,131.4758288055623,131.4758288055623,5.455428581143663,131.4758288055623,237.33631866436514,1813.3449866122821,2743.7033557765935,True,-617.7462115053249,197.20820042015066,1660.7779596891128,2475.7323716145884,True
2025-05-05,14-Day,2457.0,2233.5992326050055,223.40076739499455,223.40076739499455,9.092420325396604,223.40076739499455,237.33631866436514,1768.4200480228499,2698.7784171871613,True,-617.7462115053249,197.20820042015066,1615.8530210996805,2430.807433025156,False
2025-05-06,14-Day,2467.0,2269.7917995798493,197.20820042015066,197.20820042015066,7.993846794493338,197.20820042015066,237.33631866436514,1804.6126149976938,2734.970984162005,True,-617.7462115053249,197.20820042015066,1652.0455880745244,2467.0,True
2025-05-07,14-Day,2467.0,2269.7917995798493,197.20820042015066,197.20820042015066,7.993846794493338,197.20820042015066,237.33631866436514,1804.6126149976938,2734.970984162005,True,-617.7462115053249,197.20820042015066,1652.0455880745244,2467.0,True
2025-05-08,14-Day,2473.0,2269.7917995798493,203.20820042015066,203.20820042015066,8.217072398712117,203.20820042015066,237.33631866436514,1804.6126149976938,2734.970984162005,True,-617.7462115053249,197.20820042015066,1652.0455880745244,2467.0,False
2025-05-12,14-Day,2504.0,2434.8197157594113,69.18028424058866,69.18028424058866,2.7627909041768635,69.18028424058866,237.33631866436514,1969.6405311772558,2899.998900341567,True,-617.7462115053249,197.20820042015066,1817.0735042540864,2632.027916179562,True
2025-05-13,14-Day,2504.0,2481.163125091856,22.836874908144182,22.836874908144182,0.9120157710920199,22.836874908144182,237.33631866436514,2015.9839405097002,2946.3423096740116,True,-617.7462115053249,197.20820042015066,1863.4169135865309,2678.3713255120065,True
2025-05-14,14-Day,2499.0,2481.163125091856,17.836874908144182,17.836874908144182,0.7137605005259777,17.836874908144182,237.33631866436514,2015.9839405097002,2946.3423096740116,True,-617.7462115053249,197.20820042015066,1863.4169135865309,2678.3713255120065,True
2025-05-15,14-Day,2506.0,2481.163125091856,24.836874908144182,24.836874908144182,0.9910963650496482,24.836874908144182,237.33631866436514,2015.9839405097002,2946.3423096740116,True,-617.7462115053249,197.20820042015066,1863.4169135865309,2678.3713255120065,True
2025-05-19,14-Day,2518.0,2452.255119388106,65.74488061189413,65.74488061189413,2.610996052894922,65.74488061189413,237.33631866436514,1987.0759348059503,2917.4343039702617,True,-617.7462115053249,197.20820042015066,1834.508907882781,2649.4633198082565,True
2025-05-22,14-Day,2503.0,2488.4476863629498,14.552313637050247,14.552313637050247,0.5813948716360466,14.552313637050247,237.33631866436514,2023.2685017807942,2953.6268709451056,True,-617.7462115053249,197.20820042015066,1870.7014748576248,2685.6558867831004,True
2025-05-28,14-Day,2523.0,2488.4476863629498,34.55231363705025,34.55231363705025,1.369493207968698,34.55231363705025,237.33631866436514,2023.2685017807942,2953.6268709451056,True,-617.7462115053249,197.20820042015066,1870.7014748576248,2685.6558867831004,True
2025-05-29,14-Day,2523.0,2488.4476863629498,34.55231363705025,34.55231363705025,1.369493207968698,34.55231363705025,237.33631866436514,2023.2685017807942,2953.6268709451056,True,-617.7462115053249,197.20820042015066,1870.7014748576248,2685.6558867831004,True
2025-06-04,14-Day,2501.0,2540.0549036281377,-39.05490362813771,39.05490362813771,-1.5615715165189008,-39.05490362813771,237.33631866436514,2074.875719045982,3005.2340882102935,True,-617.7462115053249,197.20820042015066,1922.3086921228128,2737.2631040482884,True
2025-06-05,14-Day,2501.0,2540.0549036281377,-39.05490362813771,39.05490362813771,-1.5615715165189008,-39.05490362813771,237.33631866436514,2074.875719045982,3005.2340882102935,True,-617.7462115053249,197.20820042015066,1922.3086921228128,2737.2631040482884,True
2025-06-10,14-Day,2489.0,2577.55758194949,-88.55758194949021,88.55758194949021,-3.5579582944752994,-88.55758194949021,237.33631866436514,2112.3783973673344,3042.736766531646,True,-617.7462115053249,197.20820042015066,1959.8113704441653,2774.765782369641,True
2025-06-24,14-Day,2306.0,2579.9395697434543,-273.9395697434543,273.9395697434543,-11.879426268146325,-273.9395697434543,237.33631866436514,2114.7603851612985,3045.11875432561,True,-617.7462115053249,197.20820042015066,1962.1933582381293,2777.147770163605,True
2025-07-01,14-Day,2171.0,2526.3342522802973,-355.3342522802973,355.3342522802973,-16.36730779734211,-355.3342522802973,237.33631866436514,2061.1550676981415,2991.513436862453,True,-617.7462115053249,197.20820042015066,1908.5880407749723,2723.542452700448,True
2025-07-07,14-Day,2121.0,2533.155192351727,-412.1551923517268,412.1551923517268,-19.4321165653808,-412.1551923517268,237.33631866436514,2067.976007769571,2998.3343769338826,True,-617.7462115053249,197.20820042015066,1915.4089808464018,2730.3633927718774,True
2025-07-08,14-Day,2117.0,2574.647848424203,-457.64784842420295,457.64784842420295,-21.61775382258871,-457.64784842420295,237.33631866436514,2109.468663842047,3039.8270330063588,True,-617.7462115053249,197.20820042015066,1956.901636918878,2771.8560488443536,True
2025-07-15,14-Day,2072.0,2575.9633712870873,-503.9633712870873,503.9633712870873,-24.32255652929958,-503.9633712870873,237.33631866436514,2110.7841867049315,3041.142555869243,False,-617.7462115053249,197.20820042015066,1958.2171597817623,2773.171571707238,True
2025-07-22,14-Day,2042.0,2584.7986907818035,-542.7986907818035,542.7986907818035,-26.58171845160644,-542.7986907818035,237.33631866436514,2119.6195061996477,3049.9778753639594,False,-617.7462115053249,197.20820042015066,1967.0524792764786,2782.006891201954,True
2025-07-23,14-Day,2036.0,2583.8040601822645,-547.8040601822645,547.8040601822645,-26.90589686553362,-547.8040601822645,237.33631866436514,2118.6248756001087,3048.9832447644203,False,-617.7462115053249,197.20820042015066,1966.0578486769396,2781.012260602415,True
2025-07-24,14-Day,2031.0,2584.7986907818035,-553.7986907818035,553.7986907818035,-27.267291520522086,-553.7986907818035,237.33631866436514,2119.6195061996477,3049.9778753639594,False,-617.7462115053249,197.20820042015066,1967.0524792764786,2782.006891201954,True
2025-07-28,14-Day,1999.0,2551.5424608583176,-552.5424608583176,552.5424608583176,-27.640943514673218,-552.5424608583176,237.33631866436514,2086.3632762761617,3016.7216454404734,False,-617.7462115053249,197.20820042015066,1933.7962493529926,2748.750661278468,True
2025-07-29,14-Day,1999.0,2591.572914745901,-592.572914745901,592.572914745901,-29.643467471030565,-592.572914745901,237.33631866436514,2126.393730163745,3056.752099328057,False,-617.7462115053249,197.20820042015066,1973.826703240576,2788.7811151660517,True
2025-07-30,14-Day,1997.0,2591.572914745901,-594.572914745901,594.572914745901,-29.773305695838808,-594.572914745901,237.33631866436514,2126.393730163745,3056.752099328057,False,-617.7462115053249,197.20820042015066,1973.826703240576,2788.7811151660517,True
2025-08-04,14-Day,1985.0,2549.6364099731995,-564.6364099731995,564.6364099731995,-28.445159192604507,-564.6364099731995,237.33631866436514,2084.4572253910437,3014.8155945553553,False,-617.7462115053249,197.20820042015066,1931.8901984678746,2746.84461039335,True
2025-08-05,14-Day,1980.0,2596.4557060907646,-616.4557060907646,616.4557060907646,-31.134126570240632,-616.4557060907646,237.33631866436514,2131.2765215086088,3061.6348906729204,False,-617.7462115053249,197.20820042015066,1978.7094945854396,2793.6639065109152,True
2025-08-06,14-Day,1983.0,2596.4557060907646,-613.4557060907646,613.4557060907646,-30.935739086775822,-613.4557060907646,237.33631866436514,2131.2765215086088,3061.6348906729204,False,-617.7462115053249,197.20820042015066,1978.7094945854396,2793.6639065109152,True
2025-08-07,14-Day,1972.0,2595.461075491226,-623.461075491226,623.461075491226,-31.61567319935223,-623.461075491226,237.33631866436514,2130.28189090907,3060.640260073382,False,-617.7462115053249,197.20820042015066,1977.714863985901,2792.6692759113766,False
2025-08-11,14-Day,1980.0,2550.631040572738,-570.6310405727381,570.6310405727381,-28.819749523875664,-570.6310405727381,237.33631866436514,2085.4518559905823,3015.810225154894,False,-617.7462115053249,197.20820042015066,1932.8848290674132,2747.839240992889,True
2025-08-12,14-Day,1989.0,2595.461075491226,-606.461075491226,606.461075491226,-30.490752915597085,-606.461075491226,237.33631866436514,2130.28189090907,3060.640260073382,False,-617.7462115053249,197.20820042015066,1977.714863985901,2792.6692759113766,True
2025-08-13,14-Day,1988.0,2606.606548448365,-618.6065484483652,618.6065484483652,-31.11702960001837,-618.6065484483652,237.33631866436514,2141.4273638662094,3071.785733030521,False,-617.7462115053249,197.20820042015066,1988.8603369430402,2803.814748868516,False
2025-08-14,14-Day,1984.0,2606.606548448365,-622.6065484483652,622.6065484483652,-31.381378450018403,-622.6065484483652,237.33631866436514,2141.4273638662094,3071.785733030521,False,-617.7462115053249,197.20820042015066,1988.8603369430402,2803.814748868516,False
2025-08-18,14-Day,2010.0,2559.7872523308,-549.7872523308001,549.7872523308001,-27.352599618447766,-549.7872523308001,237.33631866436514,2094.6080677486443,3024.966436912956,False,-617.7462115053249,197.20820042015066,1942.0410408254752,2756.995452750951,True
2025-08-19,14-Day,2020.0,2606.606548448365,-586.6065484483652,586.6065484483652,-29.039928141008176,-586.6065484483652,237.33631866436514,2141.4273638662094,3071.785733030521,False,-617.7462115053249,197.20820042015066,1988.8603369430402,2803.814748868516,True
2025-08-20,14-Day,2019.0,2605.6119178488266,-586.6119178488266,586.6119178488266,-29.054577407074124,-586.6119178488266,237.33631866436514,2140.4327332666708,3070.7911024309824,False,-617.7462115053249,197.20820042015066,1987.8657063435016,2802.8201182689772,True
2025-08-21,14-Day,2015.0,2606.606548448365,-591.6065484483652,591.6065484483652,-29.360126473864277,-591.6065484483652,237.33631866436514,2141.4273638662094,3071.785733030521,False,-617.7462115053249,197.20820042015066,1988.8603369430402,2803.814748868516,True
2025-08-25,14-Day,2025.0,2560.7818829303387,-535.7818829303387,535.7818829303387,-26.458364589152527,-535.7818829303387,237.33631866436514,2095.602698348183,3025.9610675124945,False,-617.7462115053249,197.20820042015066,1943.0356714250138,2757.9900833504894,True
2025-08-26,14-Day,2023.0,2606.606548448365,-583.6065484483652,583.6065484483652,-28.848568880294867,-583.6065484483652,237.33631866436514,2141.4273638662094,3071.785733030521,False,-617.7462115053249,197.20820042015066,1988.8603369430402,2803.814748868516,True
2025-08-27,14-Day,2025.0,2606.606548448365,-581.6065484483652,581.6065484483652,-28.72131103448717,-581.6065484483652,237.33631866436514,2141.4273638662094,3071.785733030521,False,-617.7462115053249,197.20820042015066,1988.8603369430402,2803.814748868516,True
2025-08-28,14-Day,2047.0,2606.606548448365,-559.6065484483652,559.6065484483652,-27.337887076129224,-559.6065484483652,237.33631866436514,2141.4273638662094,3071.785733030521,False,-617.7462115053249,197.20820042015066,1988.8603369430402,2803.814748868516,True
2025-09-02,14-Day,2095.0,2596.4557060907646,-501.4557060907646,501.4557060907646,-23.93583322628948,-501.4557060907646,237.33631866436514,2131.2765215086088,3061.6348906729204,False,-617.7462115053249,197.20820042015066,1978.7094945854396,2793.6639065109152,True
2025-09-03,14-Day,2096.0,2596.4557060907646,-500.4557060907646,500.4557060907646,-23.87670353486472,-500.4557060907646,237.33631866436514,2131.2765215086088,3061.6348906729204,False,-617.7462115053249,197.20820042015066,1978.7094945854396,2793.6639065109152,True
2025-09-04,14-Day,2096.0,2596.4557060907646,-500.4557060907646,500.4557060907646,-23.87670353486472,-500.4557060907646,237.33631866436514,2131.2765215086088,3061.6348906729204,False,-617.7462115053249,197.20820042015066,1978.7094945854396,2793.6639065109152,True
2025-09-08,14-Day,2141.0,2550.631040572738,-409.63104057273813,409.63104057273813,-19.132696897372167,-409.63104057273813,237.33631866436514,2085.4518559905823,3015.810225154894,True,-617.7462115053249,197.20820042015066,1932.8848290674132,2747.839240992889,True
2025-09-09,14-Day,2145.0,2596.4557060907646,-451.4557060907646,451.4557060907646,-21.04688606483751,-451.4557060907646,237.33631866436514,2131.2765215086088,3061.6348906729204,True,-617.7462115053249,197.20820042015066,1978.7094945854396,2793.6639065109152,True
2025-09-10,14-Day,2138.0,2596.4557060907646,-458.4557060907646,458.4557060907646,-21.44320421378693,-458.4557060907646,237.33631866436514,2131.2765215086088,3061.6348906729204,True,-617.7462115053249,197.20820042015066,1978.7094945854396,2793.6639065109152,True
2025-09-11,14-Day,2132.0,2596.4557060907646,-464.4557060907646,464.4557060907646,-21.784976833525544,-464.4557060907646,237.33631866436514,2131.2765215086088,3061.6348906729204,True,-617.7462115053249,197.20820042015066,1978.7094945854396,2793.6639065109152,True
2025-09-15,14-Day,2148.0,2560.7818829303387,-412.7818829303387,412.7818829303387,-19.217033655974802,-412.7818829303387,237.33631866436514,2095.602698348183,3025.9610675124945,True,-617.7462115053249,197.20820042015066,1943.0356714250138,2757.9900833504894,True
2025-09-16,14-Day,2159.0,2606.606548448365,-447.6065484483652,447.6065484483652,-20.732123596496766,-447.6065484483652,237.33631866436514,2141.4273638662094,3071.785733030521,True,-617.7462115053249,197.20820042015066,1988.8603369430402,2803.814748868516,True
2025-09-17,14-Day,2163.0,2606.606548448365,-443.6065484483652,443.6065484483652,-20.50885568415928,-443.6065484483652,237.33631866436514,2141.4273638662094,3071.785733030521,True,-617.7462115053249,197.20820042015066,1988.8603369430402,2803.814748868516,True
2025-09-18,14-Day,2164.0,2606.606548448365,-442.6065484483652,442.6065484483652,-20.453167673214658,-442.6065484483652,237.33631866436514,2141.4273638662094,3071.785733030521,True,-617.7462115053249,197.20820042015066,1988.8603369430402,2803.814748868516,True
2025-09-22,14-Day,2187.0,2560.7818829303387,-373.7818829303387,373.7818829303387,-17.09107832328938,-373.7818829303387,237.33631866436514,2095.602698348183,3025.9610675124945,True,-617.7462115053249,197.20820042015066,1943.0356714250138,2757.9900833504894,True
2025-09-23,14-Day,2189.0,2606.606548448365,-417.6065484483652,417.6065484483652,-19.077503355338745,-417.6065484483652,237.33631866436514,2141.4273638662094,3071.785733030521,True,-617.7462115053249,197.20820042015066,1988.8603369430402,2803.814748868516,True
2025-09-24,14-Day,2192.0,2606.606548448365,-414.6065484483652,414.6065484483652,-18.91453231972469,-414.6065484483652,237.33631866436514,2141.4273638662094,3071.785733030521,True,-617.7462115053249,197.20820042015066,1988.8603369430402,2803.814748868516,True
2025-09-25,14-Day,2192.0,2606.606548448365,-414.6065484483652,414.6065484483652,-18.91453231972469,-414.6065484483652,237.33631866436514,2141.4273638662094,3071.785733030521,True,-617.7462115053249,197.20820042015066,1988.8603369430402,2803.814748868516,True
2025-09-29,14-Day,2223.0,2560.7818829303387,-337.7818829303387,337.7818829303387,-15.194866528580238,-337.7818829303387,237.33631866436514,2095.602698348183,3025.9610675124945,True,-617.7462115053249,197.20820042015066,1943.0356714250138,2757.9900833504894,True
2025-09-30,14-Day,2235.0,2606.606548448365,-371.6065484483652,371.6065484483652,-16.62669120574341,-371.6065484483652,237.33631866436514,2141.4273638662094,3071.785733030521,True,-617.7462115053249,197.20820042015066,1988.8603369430402,2803.814748868516,True
2025-10-01,14-Day,2225.0,2596.4557060907646,-371.4557060907646,371.4557060907646,-16.69463847598942,-371.4557060907646,237.33631866436514,2131.2765215086088,3061.6348906729204,True,-617.7462115053249,197.20820042015066,1978.7094945854396,2793.6639065109152,True
2025-10-02,14-Day,2233.0,2596.4557060907646,-363.4557060907646,363.4557060907646,-16.276565431740465,-363.4557060907646,237.33631866436514,2131.2765215086088,3061.6348906729204,True,-617.7462115053249,197.20820042015066,1978.7094945854396,2793.6639065109152,True
2025-10-06,14-Day,2243.0,2550.631040572738,-307.63104057273813,307.63104057273813,-13.715160079034245,-307.63104057273813,237.33631866436514,2085.4518559905823,3015.810225154894,True,-617.7462115053249,197.20820042015066,1932.8848290674132,2747.839240992889,True
2025-10-07,14-Day,2251.0,2582.4167029878395,-331.41670298783947,331.41670298783947,-14.723087649393134,-331.41670298783947,237.33631866436514,2117.2375184056837,3047.5958875699953,True,-617.7462115053249,197.20820042015066,1964.6704914825145,2779.62490340799,True
2025-10-08,14-Day,2261.0,2581.5235184499497,-320.52351844994973,320.52351844994973,-14.176183920829267,-320.52351844994973,237.33631866436514,2116.344333867794,3046.7027030321055,True,-617.7462115053249,197.20820042015066,1963.7773069446248,2778.7317188701004,True
2025-10-09,14-Day,2266.0,2596.4557060907646,-330.4557060907646,330.4557060907646,-14.5832173914724,-330.4557060907646,237.33631866436514,2131.2765215086088,3061.6348906729204,True,-617.7462115053249,197.20820042015066,1978.7094945854396,2793.6639065109152,True
2025-10-14,14-Day,2286.0,2591.7325056452187,-305.7325056452187,305.7325056452187,-13.374125356308777,-305.7325056452187,237.33631866436514,2126.553321063063,3056.9116902273745,True,-617.7462115053249,197.20820042015066,1973.9862941398937,2788.9407060653693,True
2025-10-15,14-Day,2280.0,2591.7325056452187,-311.7325056452187,311.7325056452187,-13.672478317772748,-311.7325056452187,237.33631866436514,2126.553321063063,3056.9116902273745,True,-617.7462115053249,197.20820042015066,1973.9862941398937,2788.9407060653693,True
2025-10-16,14-Day,2287.0,2591.7325056452187,-304.7325056452187,304.7325056452187,-13.324552061443756,-304.7325056452187,237.33631866436514,2126.553321063063,3056.9116902273745,True,-617.7462115053249,197.20820042015066,1973.9862941398937,2788.9407060653693,True
2025-10-20,14-Day,2269.0,2555.539938670375,-286.5399386703748,286.5399386703748,-12.628467988998448,-286.5399386703748,237.33631866436514,2090.360754088219,3020.7191232525306,True,-617.7462115053249,197.20820042015066,1937.7937271650499,2752.7481390905255,True
2025-10-21,14-Day,2270.0,2591.7325056452187,-321.7325056452187,321.7325056452187,-14.173238134150603,-321.7325056452187,237.33631866436514,2126.553321063063,3056.9116902273745,True,-617.7462115053249,197.20820042015066,1973.9862941398937,2788.9407060653693,True
2025-10-22,14-Day,2272.0,2591.7325056452187,-319.7325056452187,319.7325056452187,-14.07273352311702,-319.7325056452187,237.33631866436514,2126.553321063063,3056.9116902273745,True,-617.7462115053249,197.20820042015066,1973.9862941398937,2788.9407060653693,True
2025-10-23,14-Day,2264.0,2591.7325056452187,-327.7325056452187,327.7325056452187,-14.475817387156303,-327.7325056452187,237.33631866436514,2126.553321063063,3056.9116902273745,True,-617.7462115053249,197.20820042015066,1973.9862941398937,2788.9407060653693,True
2025-10-27,14-Day,2294.0,2596.8069433831197,-302.8069433831197,302.8069433831197,-13.199953939979062,-302.8069433831197,237.33631866436514,2131.627758800964,3061.9861279652755,True,-617.7462115053249,197.20820042015066,1979.0607318777948,2794.0151438032703,True
2025-10-28,14-Day,2294.0,2632.9995103579636,-338.9995103579636,338.9995103579636,-14.777659562247758,-338.9995103579636,237.33631866436514,2167.8203257758078,3098.1786949401194,True,-617.7462115053249,197.20820042015066,2015.2532988526386,2830.2077107781142,True
2025-10-29,14-Day,2302.0,2632.9995103579636,-330.9995103579636,330.9995103579636,-14.378779772283387,-330.9995103579636,237.33631866436514,2167.8203257758078,3098.1786949401194,True,-617.7462115053249,197.20820042015066,2015.2532988526386,2830.2077107781142,True
2025-10-30,14-Day,2317.0,2627.6994212603313,-310.6994212603313,310.6994212603313,-13.409556377226211,-310.6994212603313,237.33631866436514,2162.5202366781755,3092.878605842487,True,-617.7462115053249,197.20820042015066,2009.9532097550064,2824.907621680482,True
2025-11-03,14-Day,2343.0,2602.0291193227963,-259.0291193227963,259.0291193227963,-11.055446834092885,-259.0291193227963,237.33631866436514,2136.8499347406405,3067.208303904952,True,-617.7462115053249,197.20820042015066,1984.2829078174714,2799.237319742947,True
2025-11-04,14-Day,2345.0,2638.22168629764,-293.2216862976402,293.2216862976402,-12.504123083055019,-293.2216862976402,237.33631866436514,2173.0425017154844,3103.400870879796,True,-617.7462115053249,197.20820042015066,2020.4754747923153,2835.429886717791,True
2025-11-05,14-Day,2340.0,2638.22168629764,-298.2216862976402,298.2216862976402,-12.744516508446162,-298.2216862976402,237.33631866436514,2173.0425017154844,3103.400870879796,True,-617.7462115053249,197.20820042015066,2020.4754747923153,2835.429886717791,True
2025-11-06,14-Day,2340.0,2638.22168629764,-298.2216862976402,298.2216862976402,-12.744516508446162,-298.2216862976402,237.33631866436514,2173.0425017154844,3103.400870879796,True,-617.7462115053249,197.20820042015066,2020.4754747923153,2835.429886717791,True
2025-11-12,14-Day,2389.0,2656.2751645657845,-267.2751645657845,267.2751645657845,-11.18774234264481,-267.2751645657845,237.33631866436514,2191.0959799836287,3121.4543491479403,True,-617.7462115053249,197.20820042015066,2038.5289530604596,2853.483364985935,True
2025-11-13,14-Day,2389.0,2666.426006923385,-277.4260069233851,277.4260069233851,-11.612641562301595,-277.4260069233851,237.33631866436514,2201.2468223412293,3131.605191505541,True,-617.7462115053249,197.20820042015066,2048.67979541806,2863.6342073435358,True
2025-11-18,14-Day,2407.0,2702.2072596114917,-295.20725961149174,295.20725961149174,-12.264530935251008,-295.20725961149174,237.33631866436514,2237.028075029336,3167.3864441936475,True,-617.7462115053249,197.20820042015066,2084.461048106167,2899.4154600316424,True
2025-11-19,14-Day,2419.0,2702.2072596114917,-283.20725961149174,283.20725961149174,-11.707617181128224,-283.20725961149174,237.33631866436514,2237.028075029336,3167.3864441936475,True,-617.7462115053249,197.20820042015066,2084.461048106167,2899.4154600316424,True
2025-11-20,14-Day,2418.0,2696.9071705138595,-278.90717051385946,278.90717051385946,-11.534622436470613,-278.90717051385946,237.33631866436514,2231.7279859317036,3162.0863550960153,True,-617.7462115053249,197.20820042015066,2079.1609590085345,2894.11537093401,True
2025-11-25,14-Day,2443.0,2807.6826095511688,-364.68260955116875,364.68260955116875,-14.927654914087956,-364.68260955116875,237.33631866436514,2342.503424969013,3272.8617941333246,True,-617.7462115053249,197.20820042015066,2189.936398045844,3004.8908099713194,True
2025-12-01,14-Day,2470.0,2792.2717024848253,-322.27170248482525,322.27170248482525,-13.047437347563775,-322.27170248482525,237.33631866436514,2327.0925179026694,3257.450887066981,True,-617.7462115053249,197.20820042015066,2174.5254909795003,2989.479902904976,True
2025-12-02,14-Day,2468.0,2812.328532745599,-344.3285327455992,344.3285327455992,-13.951723368946483,-344.3285327455992,237.33631866436514,2347.1493481634434,3277.507717327755,True,-617.7462115053249,197.20820042015066,2194.5823212402743,3009.53673316575,True
2025-12-04,14-Day,2472.0,2817.6286218432315,-345.6286218432315,345.6286218432315,-13.981740365826518,-345.6286218432315,237.33631866436514,2352.4494372610757,3282.8078064253873,True,-617.7462115053249,197.20820042015066,2199.8824103379065,3014.836822263382,True
2025-04-14,30-Day,2394.0,2327.571009086359,66.42899091364097,66.42899091364097,2.774811650528027,66.42899091364097,329.0060263322774,1682.7191974750954,2972.4228206976227,True,-661.6975143349275,325.71957387591493,1665.8734947514315,2653.290582962274,True
2025-04-15,30-Day,2410.0,2308.464851436771,101.53514856322909,101.53514856322909,4.213076703868427,101.53514856322909,329.0060263322774,1663.6130398255073,2953.3166630480346,True,-661.6975143349275,325.71957387591493,1646.7673371018434,2634.184425312686,True
2025-04-16,30-Day,2437.0,2295.3967237085467,141.6032762914533,141.6032762914533,5.810557090334564,141.6032762914533,329.0060263322774,1650.544912097283,2940.2485353198103,True,-661.6975143349275,325.71957387591493,1633.6992093736192,2621.116297584462,True
2025-04-17,30-Day,2437.0,2276.394457344896,160.60554265510382,160.60554265510382,6.590297195531549,160.60554265510382,329.0060263322774,1631.5426457336325,2921.24626895616,True,-661.6975143349275,325.71957387591493,1614.6969430099687,2602.1140312208113,True
2025-04-21,30-Day,2467.0,2276.3277327127785,190.67226728722153,190.67226728722153,7.728912334301643,190.67226728722153,329.0060263322774,1631.4759211015148,2921.179544324042,True,-661.6975143349275,325.71957387591493,1614.630218377851,2602.0473065886936,True
2025-04-22,30-Day,2473.0,2274.0035229751184,198.99647702488164,198.99647702488164,8.046764133638561,198.99647702488164,329.0060263322774,1629.1517113638547,2918.855334586382,True,-661.6975143349275,325.71957387591493,1612.3060086401908,2599.7230968510335,True
2025-04-23,30-Day,2504.0,2260.935395246894,243.06460475310587,243.06460475310587,9.707052905475475,243.06460475310587,329.0060263322774,1616.0835836356305,2905.787206858158,True,-661.6975143349275,325.71957387591493,1599.2378809119666,2586.6549691228092,True
2025-04-24,30-Day,2504.0,2260.935395246894,243.06460475310587,243.06460475310587,9.707052905475475,243.06460475310587,329.0060263322774,1616.0835836356305,2905.787206858158,True,-661.6975143349275,325.71957387591493,1599.2378809119666,2586.6549691228092,True
2025-04-28,30-Day,2499.0,2274.0035229751184,224.99647702488164,224.99647702488164,9.00346046518134,224.99647702488164,329.0060263322774,1629.1517113638547,2918.855334586382,True,-661.6975143349275,325.71957387591493,1612.3060086401908,2599.7230968510335,True
2025-04-29,30-Day,2506.0,2274.0035229751184,231.99647702488164,231.99647702488164,9.257640743211558,231.99647702488164,329.0060263322774,1629.1517113638547,2918.855334586382,True,-661.6975143349275,325.71957387591493,1612.3060086401908,2599.7230968510335,True
2025-04-30,30-Day,2528.0,2260.935395246894,267.06460475310587,267.06460475310587,10.564264428524757,267.06460475310587,329.0060263322774,1616.0835836356305,2905.787206858158,True,-661.6975143349275,325.71957387591493,1599.2378809119666,2586.6549691228092,True
2025-05-01,30-Day,2528.0,2222.864968469398,305.1350315306022,305.1350315306022,12.07021485484977,305.1350315306022,329.0060263322774,1578.0131568581342,2867.7167800806615,True,-661.6975143349275,325.71957387591493,1561.1674541344703,2548.584542345313,True
2025-05-05,30-Day,2516.0,2231.8852020886507,284.11479791134934,284.11479791134934,11.292321061659354,284.11479791134934,329.0060263322774,1587.033390477387,2876.7370136999143,True,-661.6975143349275,325.71957387591493,1570.1876877537231,2557.6047759645658,True
2025-05-06,30-Day,2503.0,2231.8852020886507,271.11479791134934,271.11479791134934,10.831594003649595,271.11479791134934,329.0060263322774,1587.033390477387,2876.7370136999143,True,-661.6975143349275,325.71957387591493,1570.1876877537231,2557.6047759645658,True
2025-05-07,30-Day,2507.0,2211.9940662296344,295.0059337703656,295.0059337703656,11.767288941777645,295.0059337703656,329.0060263322774,1567.1422546183708,2856.845877840898,True,-661.6975143349275,325.71957387591493,1550.296551894707,2537.7136401055495,True
2025-05-08,30-Day,2507.0,2204.3023722361754,302.6976277638246,302.6976277638246,12.074097637168911,302.6976277638246,329.0060263322774,1559.4505606249118,2849.154183847439,True,-661.6975143349275,325.71957387591493,1542.604857901248,2530.0219461120905,True
2025-05-12,30-Day,2523.0,2218.261561866496,304.73843813350413,304.73843813350413,12.078416097245507,304.73843813350413,329.0060263322774,1573.4097502552322,2863.1133734777595,True,-661.6975143349275,325.71957387591493,1556.5640475315683,2543.981135742411,True
2025-05-13,30-Day,2523.0,2218.261561866496,304.73843813350413,304.73843813350413,12.078416097245507,304.73843813350413,329.0060263322774,1573.4097502552322,2863.1133734777595,True,-661.6975143349275,325.71957387591493,1556.5640475315683,2543.981135742411,True
2025-05-14,30-Day,2523.0,2189.9725922370817,333.0274077629183,333.0274077629183,13.199659443635287,333.0274077629183,329.0060263322774,1545.120780625818,2834.8244038483454,True,-661.6975143349275,325.71957387591493,1528.2750779021542,2515.692166112997,False
2025-05-15,30-Day,2523.0,2166.3510410955737,356.6489589044263,356.6489589044263,14.13590800255356,356.6489589044263,329.0060263322774,1521.49922948431,2811.2028527068373,True,-661.6975143349275,325.71957387591493,1504.6535267606462,2492.070614971489,False
2025-05-19,30-Day,2501.0,2186.24217695459,314.7578230454101,314.7578230454101,12.585278810292285,314.7578230454101,329.0060263322774,1541.3903653433263,2831.0939885658536,True,-661.6975143349275,325.71957387591493,1524.5446626196624,2511.961750830505,True
2025-05-22,30-Day,2508.0,2155.83469679523,352.1653032047702,352.1653032047702,14.041678756171061,352.1653032047702,329.0060263322774,1510.9828851839661,2800.6865084064934,True,-661.6975143349275,325.71957387591493,1494.1371824603023,2481.554270671145,False
2025-05-28,30-Day,2413.0,2155.83469679523,257.1653032047702,257.1653032047702,10.657492880429764,257.1653032047702,329.0060263322774,1510.9828851839661,2800.6865084064934,True,-661.6975143349275,325.71957387591493,1494.1371824603023,2481.554270671145,True
2025-05-29,30-Day,2413.0,2155.83469679523,257.1653032047702,257.1653032047702,10.657492880429764,257.1653032047702,329.0060263322774,1510.9828851839661,2800.6865084064934,True,-661.6975143349275,325.71957387591493,1494.1371824603023,2481.554270671145,True
2025-06-04,30-Day,2332.0,2225.429507495735,106.57049250426508,106.57049250426508,4.569918203441898,106.57049250426508,329.0060263322774,1580.5776958844713,2870.2813191069986,True,-661.6975143349275,325.71957387591493,1563.7319931608074,2551.14908137165,True
2025-06-05,30-Day,2332.0,2225.429507495735,106.57049250426508,106.57049250426508,4.569918203441898,106.57049250426508,329.0060263322774,1580.5776958844713,2870.2813191069986,True,-661.6975143349275,325.71957387591493,1563.7319931608074,2551.14908137165,True
2025-06-10,30-Day,2252.0,2478.515427399862,-226.5154273998619,226.5154273998619,-10.058411518643956,-226.5154273998619,329.0060263322774,1833.6636157885982,3123.3672390111255,True,-661.6975143349275,325.71957387591493,1816.8179130649344,2804.235001275777,True
2025-06-24,30-Day,2096.0,2515.336897831126,-419.33689783112595,419.33689783112595,-20.006531385072805,-419.33689783112595,329.0060263322774,1870.4850862198623,3160.1887094423896,True,-661.6975143349275,325.71957387591493,1853.6393834961984,2841.056471707041,True
2025-07-01,30-Day,2058.0,2549.59890313414,-491.5989031341401,491.5989031341401,-23.887215895730808,-491.5989031341401,329.0060263322774,1904.7470915228764,3194.4507147454037,True,-661.6975143349275,325.71957387591493,1887.9013887992126,2875.318477010055,True
2025-07-07,30-Day,2036.0,2606.122663385879,-570.1226633858792,570.1226633858792,-28.00209545117285,-570.1226633858792,329.0060263322774,1961.2708517746155,3250.974474997143,True,-661.6975143349275,325.71957387591493,1944.4251490509516,2931.8422372617943,True
2025-07-08,30-Day,2031.0,2607.6208054692074,-576.6208054692074,576.6208054692074,-28.39098008218648,-576.6208054692074,329.0060263322774,1962.7689938579438,3252.472617080471,True,-661.6975143349275,325.71957387591493,1945.92329113428,2933.3403793451225,True
2025-07-15,30-Day,1994.0,2602.782366707698,-608.7823667076982,608.7823667076982,-30.530710466785266,-608.7823667076982,329.0060263322774,1957.9305550964345,3247.634178318962,True,-661.6975143349275,325.71957387591493,1941.0848523727707,2928.5019405836133,True
2025-07-22,30-Day,1972.0,2632.9822111945305,-660.9822111945305,660.9822111945305,-33.51836770763339,-660.9822111945305,329.0060263322774,1988.1303995832668,3277.834022805794,False,-661.6975143349275,325.71957387591493,1971.284696859603,2958.7017850704456,True
2025-07-23,30-Day,1981.0,2613.0910753355142,-632.0910753355142,632.0910753355142,-31.907676695381838,-632.0910753355142,329.0060263322774,1968.2392637242506,3257.942886946778,True,-661.6975143349275,325.71957387591493,1951.3935610005867,2938.8106492114293,True
2025-07-24,30-Day,1981.0,2613.0910753355142,-632.0910753355142,632.0910753355142,-31.907676695381838,-632.0910753355142,329.0060263322774,1968.2392637242506,3257.942886946778,True,-661.6975143349275,325.71957387591493,1951.3935610005867,2938.8106492114293,True
2025-07-28,30-Day,1988.0,2632.9822111945305,-644.9822111945305,644.9822111945305,-32.44377319892004,-644.9822111945305,329.0060263322774,1988.1303995832668,3277.834022805794,False,-661.6975143349275,325.71957387591493,1971.284696859603,2958.7017850704456,True
2025-07-29,30-Day,1984.0,2632.9822111945305,-648.9822111945305,648.9822111945305,-32.71079693520819,-648.9822111945305,329.0060263322774,1988.1303995832668,3277.834022805794,False,-661.6975143349275,325.71957387591493,1971.284696859603,2958.7017850704456,True
2025-07-30,30-Day,2010.0,2613.0910753355142,-603.0910753355142,603.0910753355142,-30.004531111219613,-603.0910753355142,329.0060263322774,1968.2392637242506,3257.942886946778,True,-661.6975143349275,325.71957387591493,1951.3935610005867,2938.8106492114293,True
2025-08-04,30-Day,2019.0,2682.5662273563294,-663.5662273563294,663.5662273563294,-32.86608357386475,-663.5662273563294,329.0060263322774,2037.7144157450657,3327.418038967593,False,-661.6975143349275,325.71957387591493,2020.8687130214018,3008.2858012322445,False
2025-08-05,30-Day,2015.0,2682.5662273563294,-667.5662273563294,667.5662273563294,-33.12983758592205,-667.5662273563294,329.0060263322774,2037.7144157450657,3327.418038967593,False,-661.6975143349275,325.71957387591493,2020.8687130214018,3008.2858012322445,False
2025-08-06,30-Day,2026.0,2662.675091497313,-636.6750914973131,636.6750914973131,-31.425226628692656,-636.6750914973131,329.0060263322774,2017.8232798860495,3307.526903108577,True,-661.6975143349275,325.71957387591493,2000.9775771623856,2988.3946653732282,True
2025-08-07,30-Day,2026.0,2671.7170513815436,-645.7170513815436,645.7170513815436,-31.871522773027817,-645.7170513815436,329.0060263322774,2026.86523977028,3316.568862992807,False,-661.6975143349275,325.71957387591493,2010.019537046616,2997.4366252574587,True
2025-08-11,30-Day,2025.0,2687.1743830951923,-662.1743830951923,662.1743830951923,-32.69996953556505,-662.1743830951923,329.0060263322774,2042.3225714839286,3332.026194706456,False,-661.6975143349275,325.71957387591493,2025.4768687602648,3012.8939569711074,False
2025-08-12,30-Day,2047.0,2687.1743830951923,-640.1743830951923,640.1743830951923,-31.273785202500843,-640.1743830951923,329.0060263322774,2042.3225714839286,3332.026194706456,True,-661.6975143349275,325.71957387591493,2025.4768687602648,3012.8939569711074,True
2025-08-13,30-Day,2083.0,2667.283247236176,-584.2832472361761,584.2832472361761,-28.05008388075737,-584.2832472361761,329.0060263322774,2022.4314356249124,3312.1350588474397,True,-661.6975143349275,325.71957387591493,2005.5857329012485,2993.002821112091,True
2025-08-14,30-Day,2083.0,2658.885413465778,-575.8854134657781,575.8854134657781,-27.646923354094007,-575.8854134657781,329.0060263322774,2014.0336018545145,3303.737225077042,True,-661.6975143349275,325.71957387591493,1997.1878991308506,2984.6049873416932,True
2025-08-18,30-Day,2096.0,2659.6703916752062,-563.6703916752062,563.6703916752062,-26.89267135854992,-563.6703916752062,329.0060263322774,2014.8185800639426,3304.52220328647,True,-661.6975143349275,325.71957387591493,1997.9728773402787,2985.3899655511213,True
2025-08-19,30-Day,2096.0,2665.6723773139233,-569.6723773139233,569.6723773139233,-27.179025635206266,-569.6723773139233,329.0060263322774,2020.8205657026597,3310.524188925187,True,-661.6975143349275,325.71957387591493,2003.9748629789958,2991.3919511898384,True
2025-08-20,30-Day,2134.0,2645.781241454907,-511.7812414549071,511.7812414549071,-23.98225123968637,-511.7812414549071,329.0060263322774,2000.9294298436434,3290.6330530661708,True,-661.6975143349275,325.71957387591493,1984.0837271199796,2971.500815330822,True
2025-08-21,30-Day,2134.0,2645.781241454907,-511.7812414549071,511.7812414549071,-23.98225123968637,-511.7812414549071,329.0060263322774,2000.9294298436434,3290.6330530661708,True,-661.6975143349275,325.71957387591493,1984.0837271199796,2971.500815330822,True
2025-08-25,30-Day,2138.0,2663.348167576263,-525.3481675762632,525.3481675762632,-24.57194422714047,-525.3481675762632,329.0060263322774,2018.4963559649996,3308.199979187527,True,-661.6975143349275,325.71957387591493,2001.6506532413357,2989.0677414521783,True
2025-08-26,30-Day,2132.0,2663.348167576263,-531.3481675762632,531.3481675762632,-24.92252193134443,-531.3481675762632,329.0060263322774,2018.4963559649996,3308.199979187527,True,-661.6975143349275,325.71957387591493,2001.6506532413357,2989.0677414521783,True
2025-08-27,30-Day,2146.0,2643.457031717247,-497.457031717247,497.457031717247,-23.18066317414944,-497.457031717247,329.0060263322774,1998.6052201059833,3288.3088433285106,True,-661.6975143349275,325.71957387591493,1981.7595173823195,2969.176605593162,True
2025-08-28,30-Day,2146.0,2643.457031717247,-497.457031717247,497.457031717247,-23.18066317414944,-497.457031717247,329.0060263322774,1998.6052201059833,3288.3088433285106,True,-661.6975143349275,325.71957387591493,1981.7595173823195,2969.176605593162,True
2025-09-02,30-Day,2164.0,2697.610172879277,-533.6101728792769,533.6101728792769,-24.658510761519263,-533.6101728792769,329.0060263322774,2052.7583612680132,3342.4619844905405,True,-661.6975143349275,325.71957387591493,2035.9126585443494,3023.329746755192,True
2025-09-03,30-Day,2180.0,2677.7190370202607,-497.71903702026066,497.71903702026066,-22.831148487167923,-497.71903702026066,329.0060263322774,2032.867225408997,3322.5708486315243,True,-661.6975143349275,325.71957387591493,2016.0215226853331,3003.4386108961758,True
2025-09-04,30-Day,2180.0,2677.7190370202607,-497.71903702026066,497.71903702026066,-22.831148487167923,-497.71903702026066,329.0060263322774,2032.867225408997,3322.5708486315243,True,-661.6975143349275,325.71957387591493,2016.0215226853331,3003.4386108961758,True
2025-09-08,30-Day,2192.0,2693.1763687339094,-501.1763687339094,501.1763687339094,-22.86388543494112,-501.1763687339094,329.0060263322774,2048.3245571226457,3338.028180345173,True,-661.6975143349275,325.71957387591493,2031.4788543989819,3018.8959426098245,True
2025-09-09,30-Day,2192.0,2693.1763687339094,-501.1763687339094,501.1763687339094,-22.86388543494112,-501.1763687339094,329.0060263322774,2048.3245571226457,3338.028180345173,True,-661.6975143349275,325.71957387591493,2031.4788543989819,3018.8959426098245,True
2025-09-10,30-Day,2223.0,2673.285232874893,-450.28523287489315,450.28523287489315,-20.255745968281293,-450.28523287489315,329.0060263322774,2028.4334212636295,3318.137044486157,True,-661.6975143349275,325.71957387591493,2011.5877185399656,2999.0048067508083,True
2025-09-11,30-Day,2223.0,2673.285232874893,-450.28523287489315,450.28523287489315,-20.255745968281293,-450.28523287489315,329.0060263322774,2028.4334212636295,3318.137044486157,True,-661.6975143349275,325.71957387591493,2011.5877185399656,2999.0048067508083,True
2025-09-15,30-Day,2225.0,2665.6723773139233,-440.67237731392333,440.67237731392333,-19.805500103996554,-440.67237731392333,329.0060263322774,2020.8205657026597,3310.524188925187,True,-661.6975143349275,325.71957387591493,2003.9748629789958,2991.3919511898384,True
2025-09-16,30-Day,2233.0,2665.6723773139233,-432.67237731392333,432.67237731392333,-19.376282011371398,-432.67237731392333,329.0060263322774,2020.8205657026597,3310.524188925187,True,-661.6975143349275,325.71957387591493,2003.9748629789958,2991.3919511898384,True
2025-09-17,30-Day,2237.0,2645.781241454907,-408.7812414549071,408.7812414549071,-18.273636184841624,-408.7812414549071,329.0060263322774,2000.9294298436434,3290.6330530661708,True,-661.6975143349275,325.71957387591493,1984.0837271199796,2971.500815330822,True
2025-09-18,30-Day,2237.0,2645.781241454907,-408.7812414549071,408.7812414549071,-18.273636184841624,-408.7812414549071,329.0060263322774,2000.9294298436434,3290.6330530661708,True,-661.6975143349275,325.71957387591493,1984.0837271199796,2971.500815330822,True
2025-09-22,30-Day,2261.0,2663.348167576263,-402.3481675762632,402.3481675762632,-17.795142307663124,-402.3481675762632,329.0060263322774,2018.4963559649996,3308.199979187527,True,-661.6975143349275,325.71957387591493,2001.6506532413357,2989.0677414521783,True
2025-09-23,30-Day,2266.0,2663.348167576263,-397.3481675762632,397.3481675762632,-17.535223635316115,-397.3481675762632,329.0060263322774,2018.4963559649996,3308.199979187527,True,-661.6975143349275,325.71957387591493,2001.6506532413357,2989.0677414521783,True
2025-09-24,30-Day,2276.0,2643.457031717247,-367.457031717247,367.457031717247,-16.14486079601261,-367.457031717247,329.0060263322774,1998.6052201059833,3288.3088433285106,True,-661.6975143349275,325.71957387591493,1981.7595173823195,2969.176605593162,True
2025-09-25,30-Day,2276.0,2643.457031717247,-367.457031717247,367.457031717247,-16.14486079601261,-367.457031717247,329.0060263322774,1998.6052201059833,3288.3088433285106,True,-661.6975143349275,325.71957387591493,1981.7595173823195,2969.176605593162,True
2025-09-29,30-Day,2280.0,2663.348167576263,-383.3481675762632,383.3481675762632,-16.813516121765932,-383.3481675762632,329.0060263322774,2018.4963559649996,3308.199979187527,True,-661.6975143349275,325.71957387591493,2001.6506532413357,2989.0677414521783,True
2025-09-30,30-Day,2287.0,2663.348167576263,-376.3481675762632,376.3481675762632,-16.455975845048677,-376.3481675762632,329.0060263322774,2018.4963559649996,3308.199979187527,True,-661.6975143349275,325.71957387591493,2001.6506532413357,2989.0677414521783,True
2025-10-01,30-Day,2277.0,2532.5285892343763,-255.52858923437634,255.52858923437634,-11.222160265014331,-255.52858923437634,329.0060263322774,1887.6767776231127,3177.38040084564,True,-661.6975143349275,325.71957387591493,1870.8310748994488,2858.2481631102914,True
2025-10-02,30-Day,2277.0,2532.5285892343763,-255.52858923437634,255.52858923437634,-11.222160265014331,-255.52858923437634,329.0060263322774,1887.6767776231127,3177.38040084564,True,-661.6975143349275,325.71957387591493,1870.8310748994488,2858.2481631102914,True
2025-10-06,30-Day,2272.0,2552.4197250933926,-280.4197250933926,280.4197250933926,-12.342417477702137,-280.4197250933926,329.0060263322774,1907.567913482129,3197.2715367046562,True,-661.6975143349275,325.71957387591493,1890.722210758465,2878.1392989693077,True
2025-10-07,30-Day,2264.0,2552.4197250933926,-288.4197250933926,288.4197250933926,-12.739387150768222,-288.4197250933926,329.0060263322774,1907.567913482129,3197.2715367046562,True,-661.6975143349275,325.71957387591493,1890.722210758465,2878.1392989693077,True
2025-10-08,30-Day,2294.0,2528.094785089009,-234.09478508900884,234.09478508900884,-10.204654973365686,-234.09478508900884,329.0060263322774,1883.2429734777452,3172.9465967002725,True,-661.6975143349275,325.71957387591493,1866.3972707540813,2853.814358964924,True
2025-10-09,30-Day,2294.0,2528.094785089009,-234.09478508900884,234.09478508900884,-10.204654973365686,-234.09478508900884,329.0060263322774,1883.2429734777452,3172.9465967002725,True,-661.6975143349275,325.71957387591493,1866.3972707540813,2853.814358964924,True
2025-10-14,30-Day,2317.0,2539.588087177627,-222.58808717762713,222.58808717762713,-9.606736606716751,-222.58808717762713,329.0060263322774,1894.7362755663635,3184.439898788891,True,-661.6975143349275,325.71957387591493,1877.8905728426996,2865.3076610535422,True
2025-10-15,30-Day,2340.0,2500.590793669023,-160.5907936690228,160.5907936690228,-6.8628544303001195,-160.5907936690228,329.0060263322774,1855.7389820577591,3145.4426052802864,True,-661.6975143349275,325.71957387591493,1838.8932793340953,2826.310367544938,True
2025-10-16,30-Day,2340.0,2500.590793669023,-160.5907936690228,160.5907936690228,-6.8628544303001195,-160.5907936690228,329.0060263322774,1855.7389820577591,3145.4426052802864,True,-661.6975143349275,325.71957387591493,1838.8932793340953,2826.310367544938,True
2025-10-20,30-Day,2340.0,2517.4758193176935,-177.47581931769355,177.47581931769355,-7.5844367229783565,-177.47581931769355,329.0060263322774,1872.62400770643,3162.327630928957,True,-661.6975143349275,325.71957387591493,1855.778304982766,2843.1953931936087,True
2025-10-21,30-Day,2340.0,2504.499348357141,-164.49934835714112,164.49934835714112,-7.029886681929108,-164.49934835714112,329.0060263322774,1859.6475367458775,3149.3511599684048,True,-661.6975143349275,325.71957387591493,1842.8018340222136,2830.218922233056,True
2025-10-22,30-Day,2375.0,2495.260473721017,-120.2604737210172,120.2604737210172,-5.063598893516514,-120.2604737210172,329.0060263322774,1850.4086621097535,3140.112285332281,True,-661.6975143349275,325.71957387591493,1833.5629593860897,2820.9800475969323,True
2025-10-23,30-Day,2375.0,2482.284002760465,-107.28400276046477,107.28400276046477,-4.517221168861674,-107.28400276046477,329.0060263322774,1837.4321911492011,3127.1358143717284,True,-661.6975143349275,325.71957387591493,1820.5864884255373,2808.00357663638,True
2025-10-27,30-Day,2389.0,2502.175138619481,-113.175138619481,113.175138619481,-4.737343600648012,-113.175138619481,329.0060263322774,1857.3233270082173,3147.0269502307447,True,-661.6975143349275,325.71957387591493,1840.4776242845535,2827.894712495396,True
2025-10-28,30-Day,2389.0,2494.2436474025676,-105.2436474025676,105.2436474025676,-4.405343131124638,-105.2436474025676,329.0060263322774,1849.391835791304,3139.0954590138313,True,-661.6975143349275,325.71957387591493,1832.54613306764,2819.9632212784827,True
2025-10-29,30-Day,2415.0,2470.4413881080204,-55.44138810802042,55.44138810802042,-2.295709652506021,-55.44138810802042,329.0060263322774,1825.5895764967568,3115.293199719284,True,-661.6975143349275,325.71957387591493,1808.743873773093,2796.1609619839355,True
2025-10-30,30-Day,2415.0,2461.352230818619,-46.352230818618864,46.352230818618864,-1.919347031826868,-46.352230818618864,329.0060263322774,1816.5004192073552,3106.2040424298825,True,-661.6975143349275,325.71957387591493,1799.6547164836913,2787.071804694534,True
2025-11-03,30-Day,2419.0,2694.2382062881925,-275.2382062881925,275.2382062881925,-11.37818132650651,-275.2382062881925,329.0060263322774,2049.386394676929,3339.090017899456,True,-661.6975143349275,325.71957387591493,2032.540691953265,3019.9577801641076,True
2025-11-04,30-Day,2418.0,2694.2382062881925,-276.2382062881925,276.2382062881925,-11.42424343623625,-276.2382062881925,329.0060263322774,2049.386394676929,3339.090017899456,True,-661.6975143349275,325.71957387591493,2032.540691953265,3019.9577801641076,True
2025-11-05,30-Day,2429.0,2674.3470704291763,-245.34707042917626,245.34707042917626,-10.100743945211043,-245.34707042917626,329.0060263322774,2029.4952588179126,3319.19888204044,True,-661.6975143349275,325.71957387591493,2012.6495560942487,3000.0666443050914,True
2025-11-06,30-Day,2429.0,2674.3470704291763,-245.34707042917626,245.34707042917626,-10.100743945211043,-245.34707042917626,329.0060263322774,2029.4952588179126,3319.19888204044,True,-661.6975143349275,325.71957387591493,2012.6495560942487,3000.0666443050914,True
2025-11-12,30-Day,2462.0,2825.207263275755,-363.20726327575494,363.20726327575494,-14.752528971395407,-363.20726327575494,329.0060263322774,2180.3554516644913,3470.0590748870186,True,-661.6975143349275,325.71957387591493,2163.509748940827,3150.92683715167,True
2025-11-13,30-Day,2462.0,2815.0316424614393,-353.03164246143933,353.03164246143933,-14.33922187089518,-353.03164246143933,329.0060263322774,2170.1798308501757,3459.883454072703,True,-661.6975143349275,325.71957387591493,2153.334128126512,3140.7512163373544,True
2025-11-18,30-Day,2472.0,2864.3154912075,-392.31549120750014,392.31549120750014,-15.870367767293695,-392.31549120750014,329.0060263322774,2219.4636795962365,3509.167302818764,True,-661.6975143349275,325.71957387591493,2202.6179768725724,3190.0350650834152,True
2025-11-19,30-Day,2484.0,2814.9723039504174,-330.9723039504174,330.9723039504174,-13.324166825701184,-330.9723039504174,329.0060263322774,2170.1204923391538,3459.824115561681,True,-661.6975143349275,325.71957387591493,2153.2747896154897,3140.6918778263325,True
2025-11-20,30-Day,2484.0,2804.796683136102,-320.7966831361018,320.7966831361018,-12.914520255076562,-320.7966831361018,329.0060263322774,2159.944871524838,3449.6484947473655,True,-661.6975143349275,325.71957387591493,2143.0991688011745,3130.516257012017,True
