,Date,Children apprehended and placed in CBP custody*,Children in CBP custody,Children transferred out of CBP custody,Children in HHS Care,Children discharged from HHS Care,day_of_week,day_of_month,month,quarter,year,week_of_year,is_weekend,Net_Pressure,Discharge_to_Transfer_Ratio,hhs_lag_1,hhs_lag_7,hhs_lag_14,hhs_lag_28,transfer_lag_1,transfer_lag_7,transfer_lag_14,discharge_lag_1,discharge_lag_7,discharge_lag_14,hhs_rolling_mean_7d,hhs_rolling_mean_14d,hhs_rolling_std_7d,hhs_rolling_std_14d
0,2023-01-12,33.0,53.0,34.0,6566,436.0,3,12,1,1,2023,2,0,-402.0,12.823529411764707,,,,,,,,,,,6566.0,6566.0,,
1,2023-01-22,32.0,49.0,39.0,7122,227.0,6,22,1,1,2023,3,1,-188.0,5.82051282051282,,,,,,,,,,,7122.0,6844.0,,393.1513703397204
2,2023-01-23,32.0,50.0,39.0,7280,181.0,0,23,1,1,2023,4,0,-142.0,4.641025641025641,7122.0,,,,39.0,,,227.0,,,7201.0,6989.333333333333,111.72287142747452,375.03244304104334
3,2023-01-24,47.0,42.0,47.0,7433,175.0,1,24,1,1,2023,4,0,-128.0,3.723404255319149,7280.0,,,,39.0,,,181.0,,,7278.333333333333,7100.25,155.5066986767238,378.1220041203634
4,2023-01-25,20.0,22.0,41.0,7538,180.0,2,25,1,1,2023,4,0,-139.0,4.390243902439025,7433.0,,,,47.0,,,175.0,,,7343.25,7187.8,181.59914647376524,381.51959320590606
5,2023-01-29,23.0,45.0,11.0,7472,303.0,6,29,1,1,2023,4,1,-292.0,27.545454545454547,,7122.0,,,,39.0,,,227.0,,7430.75,7369.0,109.44519176281818,167.47835681066374
6,2023-01-30,34.0,54.0,29.0,7743,196.0,0,30,1,1,2023,5,0,-167.0,6.758620689655173,7472.0,7280.0,,,11.0,39.0,,303.0,181.0,,7546.5,7431.333333333333,137.98188286873042,213.8968598803327
7,2023-01-31,26.0,36.0,36.0,7803,158.0,1,31,1,1,2023,5,0,-122.0,4.388888888888889,7743.0,7433.0,,,29.0,47.0,,196.0,175.0,,7639.0,7484.428571428572,158.9570172509959,240.54165068504403
8,2023-02-01,25.0,32.0,27.0,7903,231.0,2,1,2,1,2023,5,0,-204.0,8.555555555555555,7803.0,7538.0,,,36.0,41.0,,158.0,180.0,,7730.25,7536.75,184.38252809490032,267.3850888031824
9,2023-02-02,15.0,13.0,23.0,7879,298.0,3,2,2,1,2023,5,0,-275.0,12.956521739130435,7903.0,,,,27.0,,,231.0,,,7760.0,7574.777777777777,172.98265809034163,274.9053372425579
10,2023-02-05,16.0,18.0,15.0,7586,342.0,6,5,2,1,2023,5,1,-327.0,22.8,,7472.0,7122.0,,,11.0,39.0,,303.0,227.0,7782.8,7626.333333333333,126.91020447544808,216.73140058607117
11,2023-02-06,11.0,22.0,12.0,7720,196.0,0,6,2,1,2023,6,0,-184.0,16.333333333333332,7586.0,7743.0,7280.0,,15.0,29.0,39.0,342.0,196.0,181.0,7778.2,7675.222222222223,129.1111923885766,174.3185143478584
12,2023-02-07,16.0,20.0,20.0,7855,200.0,1,7,2,1,2023,6,0,-180.0,10.0,7720.0,7803.0,7433.0,,12.0,36.0,47.0,196.0,158.0,175.0,7788.6,7722.111111111111,133.623725438262,156.90637689753456
13,2023-02-08,93.0,196.0,169.0,7915,317.0,2,8,2,1,2023,6,0,-148.0,1.8757396449704142,7855.0,7903.0,7538.0,,20.0,27.0,41.0,200.0,231.0,180.0,7791.0,7764.0,136.27362180554255,151.8527247039053
14,2023-02-09,124.0,234.0,161.0,7908,353.0,3,9,2,1,2023,6,0,-192.0,2.1925465838509317,7915.0,7879.0,,6566.0,169.0,23.0,,317.0,298.0,,7796.8,7778.4,141.4733190393158,150.2355188066762
15,2023-02-12,92.0,203.0,173.0,7434,317.0,6,12,2,1,2023,6,1,-144.0,1.8323699421965318,,7586.0,7472.0,,,15.0,11.0,,342.0,303.0,7766.4,7774.6,201.63407450131038,159.06756076865253
16,2023-02-13,186.0,259.0,172.0,7483,244.0,0,13,2,1,2023,7,0,-72.0,1.4186046511627908,7434.0,7720.0,7743.0,,173.0,12.0,29.0,317.0,196.0,196.0,7719.0,7748.6,239.55896977571095,184.08766027810435
17,2023-02-14,154.0,225.0,220.0,7794,223.0,1,14,2,1,2023,7,0,-3.0,1.0136363636363637,7483.0,7855.0,7803.0,,172.0,20.0,36.0,244.0,200.0,158.0,7706.8,7747.7,232.3460780818131,183.81394578939532
18,2023-02-15,91.0,199.0,172.0,7869,290.0,2,15,2,1,2023,7,0,-118.0,1.686046511627907,7794.0,7915.0,7903.0,,220.0,169.0,27.0,223.0,317.0,231.0,7697.6,7744.3,222.75390007809062,180.91376091632438
19,2023-02-16,81.0,213.0,153.0,7793,361.0,3,16,2,1,2023,7,0,-208.0,2.3594771241830066,7869.0,7908.0,7879.0,,172.0,161.0,23.0,290.0,353.0,298.0,7674.6,7735.7,200.41531877578618,175.77008341075086
20,2023-02-20,209.0,285.0,184.0,7817,209.0,0,20,2,1,2023,8,0,-25.0,1.1358695652173914,,7483.0,7720.0,7280.0,,172.0,12.0,,244.0,196.0,7818.25,7763.111111111111,35.60313656594405,178.62211820239722
21,2023-02-21,184.0,314.0,217.0,7967,213.0,1,21,2,1,2023,8,0,4.0,0.9815668202764977,7817.0,7794.0,7855.0,7433.0,184.0,220.0,20.0,209.0,223.0,200.0,7861.5,7775.555555555556,77.15568676384095,189.4004429186421
22,2023-02-22,107.0,215.0,230.0,7978,232.0,2,22,2,1,2023,8,0,-2.0,1.008695652173913,7967.0,7869.0,7915.0,7538.0,217.0,172.0,169.0,213.0,290.0,317.0,7888.75,7782.555555555556,97.30493307124743,196.2390832066278
23,2023-02-23,101.0,162.0,178.0,7914,386.0,3,23,2,1,2023,8,0,-208.0,2.168539325842697,7978.0,7793.0,7908.0,,230.0,153.0,161.0,232.0,361.0,353.0,7919.0,7783.222222222223,73.51643807113209,196.7280977502819
24,2023-02-26,99.0,190.0,176.0,7609,323.0,6,26,2,1,2023,8,1,-147.0,1.8352272727272727,,,7434.0,7472.0,,,173.0,,,317.0,7857.0,7802.666666666667,152.5565468932748,163.78720951283105
25,2023-02-27,167.0,239.0,166.0,7800,248.0,0,27,2,1,2023,9,0,-82.0,1.4939759036144578,7609.0,7817.0,7483.0,7743.0,176.0,184.0,172.0,323.0,209.0,244.0,7853.6,7837.888888888889,153.85480168002542,112.50827130087421
26,2023-02-28,115.0,216.0,169.0,7896,200.0,1,28,2,1,2023,9,0,-31.0,1.183431952662722,7800.0,7967.0,7794.0,7803.0,166.0,217.0,220.0,248.0,213.0,223.0,7839.4,7849.222222222223,143.71429991479613,112.67184406250058
27,2023-03-01,84.0,158.0,193.0,7930,307.0,2,1,3,1,2023,9,0,-114.0,1.5906735751295338,7896.0,7978.0,7869.0,7903.0,169.0,230.0,172.0,200.0,232.0,290.0,7829.8,7856.0,133.3724109401939,115.8015543937127
28,2023-03-02,130.0,227.0,192.0,7870,335.0,3,2,3,1,2023,9,0,-143.0,1.7447916666666667,7930.0,7914.0,7793.0,7879.0,193.0,178.0,153.0,307.0,386.0,361.0,7821.0,7864.555555555556,127.76149654727733,113.38442475833169
29,2023-03-07,88.0,214.0,160.0,7859,259.0,1,7,3,1,2023,10,0,-99.0,1.61875,,7896.0,7967.0,7855.0,,169.0,217.0,,200.0,213.0,7886.333333333333,7857.0,38.214307966169315,113.17874611175266
30,2023-03-08,113.0,208.0,159.0,7885,291.0,2,8,3,1,2023,10,0,-132.0,1.830188679245283,7859.0,7930.0,7978.0,7915.0,160.0,193.0,230.0,259.0,307.0,232.0,7871.333333333333,7845.375,13.051181300297104,103.32187916547835
31,2023-03-09,174.0,285.0,150.0,7786,340.0,3,9,3,1,2023,10,0,-190.0,2.2666666666666666,7885.0,7870.0,7914.0,7908.0,159.0,192.0,178.0,291.0,335.0,386.0,7843.333333333333,7829.375,51.32575701665989,101.06283406164415
32,2023-03-13,104.0,230.0,206.0,7567,249.0,0,13,3,1,2023,11,0,-43.0,1.2087378640776698,,,7800.0,7483.0,,,166.0,,,248.0,7774.25,7827.571428571428,144.3823050099973,123.07566391297273
33,2023-03-14,147.0,276.0,214.0,7810,181.0,1,14,3,1,2023,11,0,33.0,0.8457943925233645,7567.0,7859.0,7896.0,7794.0,206.0,160.0,169.0,249.0,259.0,200.0,7762.0,7815.285714285715,136.66747967237816,119.34224494524724
34,2023-03-15,108.0,220.0,213.0,7915,286.0,2,15,3,1,2023,11,0,-73.0,1.3427230046948357,7810.0,7885.0,7930.0,7869.0,214.0,159.0,193.0,181.0,291.0,307.0,7769.5,7813.142857142857,146.16087027655487,117.05188104914338
35,2023-03-16,180.0,280.0,146.0,7989,308.0,3,16,3,1,2023,11,0,-162.0,2.1095890410958904,7915.0,7786.0,7870.0,7793.0,213.0,150.0,192.0,286.0,340.0,335.0,7820.25,7830.142857142857,184.11477398622822,134.0875691124131
36,2023-03-19,134.0,294.0,186.0,7885,306.0,6,19,3,1,2023,11,1,-120.0,1.6451612903225807,,,,,,,,,,,7833.2,7837.0,162.05616310402985,125.64689752295052
37,2023-03-20,202.0,313.0,158.0,7931,279.0,0,20,3,1,2023,12,0,-121.0,1.7658227848101267,7885.0,7567.0,,7817.0,186.0,206.0,,306.0,249.0,,7906.0,7847.444444444444,65.67343450741663,121.6368684970875
38,2023-03-21,110.0,272.0,193.0,8050,221.0,1,21,3,1,2023,12,0,-28.0,1.145077720207254,7931.0,7810.0,7859.0,7967.0,158.0,214.0,160.0,279.0,181.0,259.0,7954.0,7868.666666666667,65.67343450741663,139.28657508891504
39,2023-03-22,166.0,277.0,229.0,8097,246.0,2,22,3,1,2023,12,0,-17.0,1.074235807860262,8050.0,7915.0,7885.0,7978.0,193.0,213.0,159.0,221.0,286.0,291.0,7990.4,7892.222222222223,85.95812934213933,158.93456025812762
40,2023-03-23,136.0,276.0,178.0,8102,331.0,3,23,3,1,2023,12,0,-153.0,1.8595505617977528,8097.0,7989.0,7786.0,7914.0,229.0,146.0,150.0,246.0,308.0,340.0,8013.0,7927.333333333333,99.31515493619266,167.22365263323235
41,2023-03-26,87.0,246.0,173.0,7847,352.0,6,26,3,1,2023,12,1,-179.0,2.0346820809248554,,7885.0,,7609.0,,186.0,,,306.0,,8005.4,7919.3,112.17976644653854,159.69349113570993
42,2023-03-27,84.0,171.0,157.0,7994,235.0,0,27,3,1,2023,13,0,-78.0,1.4968152866242037,7847.0,7931.0,7567.0,7800.0,173.0,158.0,206.0,352.0,279.0,249.0,8018.0,7962.0,105.04522835426624,101.51628221894056
43,2023-03-28,167.0,209.0,157.0,8079,223.0,1,28,3,1,2023,13,0,-66.0,1.4203821656050954,7994.0,8050.0,7810.0,7896.0,157.0,193.0,214.0,235.0,221.0,181.0,8023.8,7988.9,108.0124992767038,91.95343024234293
44,2023-03-29,109.0,245.0,159.0,8208,267.0,2,29,3,1,2023,13,0,-108.0,1.679245283018868,8079.0,8097.0,7915.0,7930.0,157.0,229.0,213.0,223.0,246.0,286.0,8046.0,8018.2,134.88328287819786,110.58310097941005
45,2023-03-30,156.0,256.0,176.0,8158,359.0,3,30,3,1,2023,13,0,-183.0,2.039772727272727,8208.0,8102.0,7989.0,7870.0,159.0,178.0,146.0,267.0,331.0,308.0,8057.2,8035.1,142.7890051789701,118.27129829337382
46,2023-04-02,125.0,232.0,192.0,7981,304.0,6,2,4,2,2023,13,1,-112.0,1.5833333333333333,,7847.0,7885.0,,,173.0,186.0,,352.0,306.0,8084.0,8044.7,99.48115399411066,108.20150953968658
47,2023-04-03,118.0,139.0,168.0,8054,284.0,0,3,4,2,2023,14,0,-116.0,1.6904761904761905,7981.0,7994.0,7931.0,,192.0,157.0,158.0,304.0,235.0,279.0,8096.0,8057.0,88.97471550951965,100.56175548719747
48,2023-04-04,142.0,235.0,139.0,8068,259.0,1,4,4,2,2023,14,0,-120.0,1.8633093525179856,8054.0,8079.0,8050.0,7859.0,168.0,157.0,193.0,284.0,223.0,221.0,8093.8,8058.8,89.63369901995543,100.58363021221143
49,2023-04-05,148.0,245.0,175.0,8175,260.0,2,5,4,2,2023,14,0,-85.0,1.4857142857142858,8068.0,8208.0,8097.0,7885.0,139.0,159.0,229.0,259.0,267.0,246.0,8087.2,8066.6,79.79786964574913,106.71269840089434
50,2023-04-06,119.0,219.0,210.0,8178,284.0,3,6,4,2,2023,14,0,-74.0,1.3523809523809525,8175.0,8158.0,8102.0,7786.0,175.0,176.0,178.0,260.0,359.0,331.0,8091.2,8074.2,84.59137071829473,112.08508672730242
51,2023-04-09,105.0,210.0,149.0,7900,329.0,6,9,4,2,2023,14,1,-180.0,2.208053691275168,,7981.0,7847.0,,,192.0,173.0,,304.0,352.0,8075.0,8079.5,113.71455491712562,100.836776800708
52,2023-04-10,143.0,203.0,163.0,7826,265.0,0,10,4,2,2023,15,0,-102.0,1.6257668711656441,7900.0,8054.0,7994.0,7567.0,149.0,168.0,157.0,329.0,284.0,235.0,8029.4,8062.7,160.38017333822768,127.2102808563671
53,2023-04-11,119.0,209.0,152.0,7922,187.0,1,11,4,2,2023,15,0,-35.0,1.230263157894737,7826.0,8068.0,8079.0,7810.0,163.0,139.0,157.0,265.0,259.0,223.0,8000.2,8047.0,164.8247554222361,134.4569323860503
54,2023-04-12,155.0,212.0,181.0,7876,283.0,2,12,4,2,2023,15,0,-102.0,1.5635359116022098,7922.0,8175.0,8208.0,7915.0,152.0,175.0,159.0,187.0,260.0,267.0,7940.4,8013.8,137.53108739481388,131.2358352144897
55,2023-04-13,109.0,214.0,173.0,7795,370.0,3,13,4,2,2023,15,0,-197.0,2.138728323699422,7876.0,8178.0,8158.0,7989.0,181.0,210.0,176.0,283.0,284.0,359.0,7863.8,7977.5,52.46141439191198,136.99493096867263
56,2023-04-16,191.0,283.0,192.0,7380,272.0,6,16,4,2,2023,15,1,-80.0,1.4166666666666667,,7900.0,7981.0,7885.0,,149.0,192.0,,329.0,304.0,7759.8,7917.4,217.76179646577114,233.2815180563325
57,2023-04-17,170.0,297.0,196.0,7344,248.0,0,17,4,2,2023,16,0,-52.0,1.2653061224489797,7380.0,7826.0,8054.0,7931.0,192.0,163.0,168.0,272.0,265.0,284.0,7663.4,7846.4,279.16088551227926,288.57897051279156
58,2023-04-18,152.0,272.0,214.0,7376,234.0,1,18,4,2,2023,16,0,-20.0,1.0934579439252337,7344.0,7922.0,8068.0,8050.0,196.0,152.0,139.0,248.0,187.0,259.0,7554.2,7777.2,258.75896119748177,311.5879758056577
59,2023-04-19,239.0,367.0,224.0,7356,229.0,2,19,4,2,2023,16,0,-5.0,1.0223214285714286,7376.0,7876.0,8175.0,8097.0,214.0,181.0,175.0,234.0,283.0,260.0,7450.2,7695.3,193.3085616313976,302.9250182250837
60,2023-04-20,113.0,280.0,237.0,7490,320.0,3,20,4,2,2023,16,0,-83.0,1.350210970464135,7356.0,7795.0,8178.0,8102.0,224.0,173.0,210.0,229.0,370.0,284.0,7389.2,7626.5,58.23401068104301,255.53571178995864
61,2023-04-23,196.0,306.0,187.0,7534,266.0,6,23,4,2,2023,16,1,-79.0,1.4224598930481283,,7380.0,7900.0,7847.0,,192.0,149.0,,272.0,329.0,7420.0,7589.9,86.17424209124111,237.5908948872709
62,2023-04-24,236.0,330.0,222.0,7796,213.0,0,24,4,2,2023,17,0,9.0,0.9594594594594594,7534.0,7344.0,7826.0,7994.0,187.0,196.0,163.0,266.0,248.0,265.0,7510.4,7586.9,176.3825388183305,234.44708002731494
63,2023-04-25,81.0,230.0,242.0,8017,202.0,1,25,4,2,2023,17,0,40.0,0.8347107438016529,7796.0,7376.0,7922.0,8079.0,222.0,214.0,152.0,213.0,234.0,187.0,7638.6,7596.4,264.9750931691502,250.88297404699972
64,2023-04-26,118.0,245.0,160.0,8117,256.0,2,26,4,2,2023,17,0,-96.0,1.6,8017.0,7356.0,7876.0,8208.0,242.0,224.0,181.0,202.0,229.0,283.0,7790.8,7620.5,280.19047093004394,289.3518619259271
65,2023-04-27,218.0,283.0,208.0,8159,310.0,3,27,4,2,2023,17,0,-102.0,1.4903846153846154,8117.0,7490.0,7795.0,8158.0,160.0,237.0,173.0,256.0,320.0,370.0,7924.6,7656.9,259.61760340932153,333.300481714491
66,2023-04-30,132.0,243.0,183.0,8352,293.0,6,30,4,2,2023,17,1,-110.0,1.6010928961748634,,7534.0,7380.0,7981.0,,187.0,192.0,,266.0,272.0,8088.2,7754.1,203.64356115526886,381.7816275190721
67,2023-05-01,224.0,315.0,152.0,8492,237.0,0,1,5,2,2023,18,0,-85.0,1.5592105263157894,8352.0,7796.0,7344.0,8054.0,183.0,222.0,196.0,293.0,213.0,248.0,8227.4,7868.9,191.48968640634348,415.8443752708993
68,2023-05-02,167.0,326.0,213.0,8654,245.0,1,2,5,2,2023,18,0,-32.0,1.1502347417840375,8492.0,8017.0,7376.0,8068.0,152.0,242.0,214.0,237.0,202.0,234.0,8354.8,7996.7,225.41007075993713,443.0252187454392
69,2023-05-03,209.0,353.0,232.0,8704,267.0,2,3,5,2,2023,18,0,-35.0,1.1508620689655173,8654.0,8117.0,7356.0,8175.0,213.0,160.0,224.0,245.0,256.0,229.0,8472.2,8131.5,223.44842805443915,431.34267120237433
70,2023-05-04,153.0,253.0,286.0,8790,332.0,3,4,5,2,2023,18,0,-46.0,1.1608391608391608,8704.0,8159.0,7490.0,8178.0,232.0,208.0,237.0,267.0,310.0,320.0,8598.4,8261.5,175.34765467493375,411.98820101767114
71,2023-05-07,180.0,337.0,219.0,8485,375.0,6,7,5,2,2023,18,1,-156.0,1.7123287671232876,,8352.0,7534.0,7900.0,,183.0,187.0,,293.0,266.0,8625.0,8356.6,133.78714437493554,326.23515717619483
72,2023-05-08,133.0,287.0,189.0,8590,261.0,0,8,5,2,2023,19,0,-72.0,1.380952380952381,8485.0,8492.0,7796.0,7826.0,219.0,152.0,222.0,375.0,237.0,213.0,8644.6,8436.0,115.33776484742475,265.6279771074965
73,2023-05-09,187.0,310.0,247.0,8606,250.0,1,9,5,2,2023,19,0,-3.0,1.0121457489878543,8590.0,8654.0,8017.0,7922.0,189.0,213.0,242.0,261.0,245.0,202.0,8635.0,8494.9,116.35291143757362,224.51698772648797
74,2023-05-10,168.0,285.0,210.0,8681,304.0,2,10,5,2,2023,19,0,-94.0,1.4476190476190476,8606.0,8704.0,8117.0,7876.0,247.0,232.0,160.0,250.0,267.0,256.0,8630.4,8551.3,113.35916372309677,186.69228990804328
75,2023-05-11,269.0,412.0,204.0,8672,392.0,3,11,5,2,2023,19,0,-188.0,1.9215686274509804,8681.0,8790.0,8159.0,7795.0,210.0,286.0,208.0,304.0,332.0,310.0,8606.8,8602.6,78.85873445598689,128.2525286733503
76,2023-05-14,100.0,255.0,236.0,8445,288.0,6,14,5,2,2023,19,1,-52.0,1.2203389830508475,,8485.0,8352.0,7380.0,,219.0,183.0,,375.0,293.0,8598.8,8611.9,94.7348932548079,110.15690829195333
77,2023-05-15,205.0,294.0,177.0,8571,277.0,0,15,5,2,2023,20,0,-100.0,1.5649717514124293,8445.0,8590.0,8492.0,7344.0,236.0,189.0,152.0,288.0,261.0,237.0,8595.0,8619.8,95.55364985179712,103.21692367693721
78,2023-05-16,161.0,304.0,211.0,8572,272.0,1,16,5,2,2023,20,0,-61.0,1.2890995260663507,8571.0,8606.0,8654.0,7376.0,177.0,247.0,213.0,277.0,250.0,245.0,8588.2,8611.6,95.7846543032852,103.45498215809012
79,2023-05-17,57.0,162.0,193.0,8569,307.0,2,17,5,2,2023,20,0,-114.0,1.5906735751295338,8572.0,8681.0,8704.0,7356.0,211.0,210.0,232.0,272.0,304.0,267.0,8565.8,8598.1,80.54005214798333,98.75947211954336
80,2023-05-18,80.0,122.0,152.0,8474,351.0,3,18,5,2,2023,20,0,-199.0,2.3092105263157894,8569.0,8672.0,8790.0,7490.0,193.0,204.0,286.0,307.0,392.0,332.0,8526.2,8566.5,61.75516172758242,79.14157497097662
81,2023-05-21,107.0,170.0,133.0,7826,343.0,6,21,5,2,2023,20,1,-210.0,2.5789473684210527,,8445.0,8485.0,7534.0,,236.0,219.0,,288.0,375.0,8402.4,8500.6,324.9266070976641,248.24727815448358
82,2023-05-22,99.0,156.0,139.0,7848,240.0,0,22,5,2,2023,21,0,-101.0,1.7266187050359711,7826.0,8571.0,8590.0,7796.0,133.0,177.0,189.0,343.0,277.0,261.0,8257.8,8426.4,386.23076003860655,319.28364261960496
83,2023-05-23,25.0,66.0,94.0,7788,246.0,1,23,5,2,2023,21,0,-152.0,2.617021276595745,7848.0,8572.0,8606.0,8017.0,139.0,211.0,247.0,240.0,272.0,250.0,8101.0,8344.6,385.9261587402432,369.06253610405344
84,2023-05-24,35.0,70.0,53.0,7709,276.0,2,24,5,2,2023,21,0,-223.0,5.2075471698113205,7788.0,8569.0,8681.0,8117.0,94.0,193.0,210.0,246.0,307.0,304.0,7929.0,8247.4,309.2232203441375,397.52126428099024
85,2023-05-25,43.0,73.0,64.0,7546,408.0,3,25,5,2,2023,21,0,-344.0,6.375,7709.0,8474.0,8672.0,8159.0,53.0,152.0,204.0,276.0,351.0,392.0,7743.4,8134.8,122.37565117293009,422.5711774364204
86,2023-05-29,41.0,60.0,71.0,6996,207.0,0,29,5,2,2023,22,0,-136.0,2.915492957746479,,7848.0,8571.0,8492.0,,139.0,177.0,,240.0,277.0,7509.75,7925.333333333333,357.0138886187271,527.0889393641323
87,2023-05-30,65.0,83.0,65.0,7046,168.0,1,30,5,2,2023,22,0,-103.0,2.5846153846153848,6996.0,7788.0,8572.0,8654.0,71.0,94.0,211.0,207.0,246.0,272.0,7324.25,7755.777777777777,357.0138886187271,538.3875875653644
88,2023-05-31,38.0,80.0,82.0,7053,210.0,2,31,5,2,2023,22,0,-128.0,2.5609756097560976,7046.0,7709.0,8569.0,8704.0,65.0,53.0,193.0,168.0,276.0,307.0,7160.25,7587.333333333333,258.4161695147285,486.83852559140274
89,2023-06-01,56.0,82.0,68.0,7002,287.0,3,1,6,2,2023,22,0,-219.0,4.220588235294118,7053.0,7546.0,8474.0,8790.0,82.0,64.0,152.0,210.0,408.0,351.0,7024.25,7423.777777777777,29.398129192148485,389.1942888127441
90,2023-06-04,74.0,103.0,80.0,6555,292.0,6,4,6,2,2023,22,1,-212.0,3.65,,,7826.0,8485.0,,,133.0,,,343.0,6930.4,7282.555555555556,211.39370851564777,450.7322129355668
91,2023-06-05,68.0,107.0,102.0,6523,189.0,0,5,6,2,2023,23,0,-87.0,1.8529411764705883,6555.0,6996.0,7848.0,8590.0,80.0,71.0,139.0,292.0,207.0,240.0,6835.8,7135.333333333333,271.8799367367858,459.2662626407664
92,2023-06-06,92.0,124.0,93.0,6508,187.0,1,6,6,2,2023,23,0,-94.0,2.010752688172043,6523.0,7046.0,7788.0,8606.0,102.0,65.0,94.0,189.0,168.0,246.0,6728.2,6993.111111111111,274.3423044300654,429.08811578873934
93,2023-06-07,113.0,162.0,107.0,6483,208.0,2,7,6,2,2023,23,0,-101.0,1.9439252336448598,6508.0,7053.0,7709.0,8681.0,93.0,82.0,53.0,187.0,210.0,276.0,6614.2,6856.888888888889,218.34765856312413,362.91198810611445
94,2023-06-08,106.0,196.0,131.0,6446,255.0,3,8,6,2,2023,23,0,-124.0,1.9465648854961832,6483.0,7002.0,7546.0,8672.0,107.0,68.0,64.0,208.0,287.0,408.0,6503.0,6734.666666666667,41.164304925488665,276.84652788146576
95,2023-06-11,86.0,152.0,168.0,6007,238.0,6,11,6,2,2023,23,1,-70.0,1.4166666666666667,,6555.0,,8445.0,,80.0,,,292.0,,6393.4,6661.9,217.96169388220162,347.96246604741634
96,2023-06-12,84.0,118.0,136.0,6021,177.0,0,12,6,2,2023,24,0,-41.0,1.3014705882352942,6007.0,6523.0,6996.0,8571.0,168.0,102.0,71.0,238.0,189.0,207.0,6293.0,6564.4,255.69219776911174,379.1464683265128
97,2023-06-13,59.0,64.0,117.0,6061,146.0,1,13,6,2,2023,24,0,-29.0,1.2478632478632479,6021.0,6508.0,7046.0,8572.0,136.0,93.0,65.0,177.0,187.0,168.0,6203.6,6465.9,239.34869959955614,367.9098470489473
98,2023-06-14,62.0,97.0,52.0,6065,167.0,2,14,6,2,2023,24,0,-115.0,3.2115384615384617,6061.0,6483.0,7053.0,8569.0,117.0,107.0,82.0,146.0,208.0,210.0,6120.0,6367.1,183.95108045346893,322.60035475633697
99,2023-06-15,91.0,75.0,97.0,6038,272.0,3,15,6,2,2023,24,0,-175.0,2.804123711340206,6065.0,6446.0,7002.0,8474.0,52.0,131.0,68.0,167.0,255.0,287.0,6038.4,6270.7,25.03597411722985,246.96335760599553
100,2023-06-19,29.0,51.0,11.0,5679,142.0,0,19,6,2,2023,25,0,-131.0,12.909090909090908,,6021.0,6523.0,7848.0,,136.0,102.0,,177.0,189.0,5960.75,6145.333333333333,188.20976772384805,276.8334336745329
101,2023-06-20,33.0,53.0,34.0,5904,134.0,1,20,6,2,2023,25,0,-100.0,3.9411764705882355,5679.0,6061.0,6508.0,7788.0,11.0,117.0,93.0,142.0,146.0,187.0,5921.5,6078.222222222223,176.33018270656754,249.8183228757999
102,2023-06-21,93.0,196.0,169.0,5922,149.0,2,21,6,2,2023,25,0,20.0,0.8816568047337278,5904.0,6065.0,6483.0,7709.0,34.0,52.0,107.0,134.0,167.0,208.0,5885.75,6015.888888888889,150.0808115649638,201.51454317528797
103,2023-06-22,124.0,234.0,161.0,5956,207.0,3,22,6,2,2023,25,0,-46.0,1.2857142857142858,5922.0,6038.0,6446.0,7546.0,169.0,97.0,131.0,149.0,272.0,255.0,5865.25,5961.444444444444,126.02479914682733,120.81919457525132
104,2023-06-25,92.0,203.0,173.0,5766,263.0,6,25,6,2,2023,25,1,-90.0,1.5202312138728324,,,6007.0,,,,168.0,,,238.0,5845.4,5934.666666666667,117.82105075069828,135.2996674054857
105,2023-06-26,186.0,259.0,172.0,5819,174.0,0,26,6,2,2023,26,0,-2.0,1.0116279069767442,5766.0,5679.0,6021.0,6996.0,173.0,11.0,136.0,263.0,142.0,177.0,5873.4,5912.222222222223,78.44615988051062,135.94095940694191
106,2023-06-27,154.0,225.0,220.0,5917,155.0,1,27,6,2,2023,26,0,65.0,0.7045454545454546,5819.0,5904.0,6061.0,7046.0,172.0,34.0,117.0,174.0,134.0,146.0,5876.0,5896.222222222223,79.91558045837263,124.20927680523732
107,2023-06-28,91.0,199.0,172.0,5999,174.0,2,28,6,2,2023,26,0,-2.0,1.0116279069767442,5917.0,5922.0,6065.0,7053.0,220.0,169.0,52.0,155.0,149.0,167.0,5891.4,5888.888888888889,96.66074694517233,114.57360564784042
108,2023-06-29,81.0,213.0,153.0,6058,213.0,3,29,6,2,2023,26,0,-60.0,1.392156862745098,5999.0,5956.0,6038.0,7002.0,172.0,161.0,97.0,174.0,207.0,272.0,5911.8,5891.111111111111,121.32064952018114,117.97080618164314
109,2023-07-02,209.0,285.0,184.0,5903,309.0,6,2,7,3,2023,26,1,-125.0,1.6793478260869565,,5766.0,,6555.0,,173.0,,,263.0,,5939.2,5892.3,92.11514533451388,111.28746560161983
110,2023-07-04,184.0,314.0,217.0,6127,124.0,1,4,7,3,2023,27,0,93.0,0.5714285714285714,,5917.0,5904.0,6508.0,,220.0,34.0,,155.0,134.0,6021.75,5940.777777777777,94.88721375049158,111.67114418899547
111,2023-07-05,107.0,215.0,230.0,6193,167.0,2,5,7,3,2023,27,0,63.0,0.7260869565217392,6127.0,5999.0,5922.0,6483.0,217.0,172.0,169.0,124.0,174.0,149.0,6070.25,5970.888888888889,124.37945971903143,139.13432758002483
112,2023-07-06,101.0,162.0,178.0,6239,205.0,3,6,7,3,2023,27,0,-27.0,1.151685393258427,6193.0,6058.0,5956.0,6446.0,230.0,153.0,161.0,167.0,213.0,207.0,6115.5,6002.333333333333,148.93734700648963,164.93559349041098
113,2023-07-09,99.0,190.0,176.0,6214,196.0,6,9,7,3,2023,27,1,-20.0,1.1136363636363635,,5903.0,5766.0,6007.0,,184.0,173.0,,309.0,263.0,6193.25,6052.111111111111,48.0026040960092,151.77239904259434
114,2023-07-10,167.0,239.0,166.0,6346,163.0,0,10,7,3,2023,28,0,3.0,0.9819277108433735,6214.0,,5819.0,6021.0,176.0,,172.0,196.0,,174.0,6223.8,6110.666666666667,79.96686813924029,152.25389978595794
115,2023-07-11,115.0,216.0,169.0,6498,143.0,1,11,7,3,2023,28,0,26.0,0.8461538461538461,6346.0,6127.0,5917.0,6061.0,166.0,217.0,220.0,163.0,124.0,155.0,6298.0,6175.222222222223,126.35861664326117,180.43820117834252
116,2023-07-12,84.0,158.0,193.0,6521,210.0,2,12,7,3,2023,28,0,-17.0,1.0880829015544042,6498.0,6193.0,5999.0,6065.0,169.0,230.0,172.0,143.0,167.0,174.0,6363.6,6233.222222222223,142.34921847343813,199.5919448386511
117,2023-07-13,130.0,227.0,192.0,6604,226.0,3,13,7,3,2023,28,0,-34.0,1.1770833333333333,6521.0,6239.0,6058.0,6038.0,193.0,178.0,153.0,210.0,205.0,213.0,6436.6,6293.888888888889,155.4631789202787,221.45679287649077
118,2023-07-16,88.0,214.0,160.0,6468,218.0,6,16,7,3,2023,28,1,-58.0,1.3625,,6214.0,5903.0,,,176.0,184.0,,196.0,309.0,6487.4,6356.666666666667,93.81790873814317,171.17096716449583
119,2023-07-17,113.0,208.0,159.0,6632,160.0,0,17,7,3,2023,29,0,-1.0,1.0062893081761006,6468.0,6346.0,,5679.0,160.0,166.0,,218.0,163.0,,6544.6,6384.2,70.29082443675395,183.37078405370298
120,2023-07-18,174.0,285.0,150.0,6874,181.0,1,18,7,3,2023,29,0,-31.0,1.2066666666666668,6632.0,6498.0,6127.0,5904.0,159.0,169.0,217.0,160.0,143.0,124.0,6619.8,6458.9,156.3815845935785,216.17248771402146
121,2023-07-19,104.0,230.0,206.0,7001,226.0,2,19,7,3,2023,29,0,-20.0,1.0970873786407767,6874.0,6521.0,6193.0,5922.0,150.0,193.0,230.0,181.0,210.0,167.0,6715.8,6539.7,216.38669090311106,253.52144331840162
122,2023-07-20,147.0,276.0,214.0,7116,281.0,3,20,7,3,2023,29,0,-67.0,1.3130841121495327,7001.0,6604.0,6239.0,5956.0,206.0,192.0,178.0,226.0,226.0,205.0,6818.2,6627.4,265.7653100011334,287.37246446616217
123,2023-07-23,108.0,220.0,213.0,7052,276.0,6,23,7,3,2023,29,1,-63.0,1.295774647887324,,6468.0,6214.0,5766.0,,160.0,176.0,,218.0,196.0,6935.0,6711.2,191.26944345607993,275.35988572536843
124,2023-07-24,180.0,280.0,146.0,7220,187.0,0,24,7,3,2023,30,0,-41.0,1.2808219178082192,7052.0,6632.0,6346.0,5819.0,213.0,159.0,166.0,276.0,160.0,163.0,7052.6,6798.6,129.03797890543132,285.09772203778016
125,2023-07-25,134.0,294.0,186.0,7510,136.0,1,25,7,3,2023,30,0,50.0,0.7311827956989247,7220.0,6874.0,6498.0,5917.0,146.0,150.0,169.0,187.0,181.0,143.0,7179.8,6899.8,201.87917178351634,340.7249787014889
126,2023-07-26,202.0,313.0,158.0,7647,215.0,2,26,7,3,2023,30,0,-57.0,1.360759493670886,7510.0,7001.0,6521.0,5999.0,186.0,206.0,193.0,136.0,226.0,210.0,7309.0,7012.4,257.8100075637067,384.83364371290475
127,2023-07-27,110.0,272.0,193.0,7754,259.0,3,27,7,3,2023,30,0,-66.0,1.3419689119170986,7647.0,7116.0,6604.0,6058.0,158.0,214.0,192.0,215.0,281.0,226.0,7436.6,7127.4,293.78189188579756,419.49737120089407
128,2023-07-30,166.0,277.0,229.0,7671,305.0,6,30,7,3,2023,30,1,-76.0,1.331877729257642,,7052.0,6468.0,5903.0,,213.0,160.0,,276.0,218.0,7560.4,7247.7,209.53830198796211,380.0254523639954
129,2023-07-31,136.0,276.0,178.0,7800,220.0,0,31,7,3,2023,31,0,-42.0,1.2359550561797752,7671.0,7220.0,6632.0,,229.0,146.0,159.0,305.0,187.0,160.0,7676.4,7364.5,111.67049744672254,347.8985324615532
130,2023-08-01,87.0,246.0,173.0,8103,168.0,1,1,8,3,2023,31,0,5.0,0.9710982658959537,7800.0,7510.0,6874.0,6127.0,178.0,186.0,150.0,220.0,136.0,181.0,7795.0,7487.4,182.92758129926304,371.640268120801
131,2023-08-02,84.0,171.0,157.0,8261,271.0,2,2,8,3,2023,31,0,-114.0,1.7261146496815287,8103.0,7647.0,7001.0,6193.0,173.0,158.0,206.0,168.0,215.0,226.0,7917.8,7613.4,251.84459493901883,400.85469797533773
132,2023-08-03,167.0,209.0,157.0,8294,339.0,3,3,8,3,2023,31,0,-182.0,2.159235668789809,8261.0,7754.0,7116.0,6239.0,157.0,193.0,214.0,271.0,259.0,281.0,8025.8,7731.2,278.4235981377987,411.39351261563536
133,2023-08-06,109.0,245.0,159.0,8298,322.0,6,6,8,3,2023,31,1,-163.0,2.0251572327044025,,7671.0,7052.0,6214.0,,229.0,213.0,,305.0,276.0,8151.2,7855.8,211.93324420675117,369.3687708630712
134,2023-08-07,156.0,256.0,176.0,8493,202.0,0,7,8,3,2023,32,0,-26.0,1.1477272727272727,8298.0,7800.0,7220.0,6346.0,159.0,178.0,146.0,322.0,220.0,187.0,8289.8,7983.1,138.83335334132965,344.4204310625878
135,2023-08-08,125.0,232.0,192.0,8725,207.0,1,8,8,3,2023,32,0,-15.0,1.078125,8493.0,8103.0,7510.0,6498.0,176.0,173.0,186.0,202.0,168.0,136.0,8414.2,8104.6,196.35860052464844,372.17057021389695
136,2023-08-09,118.0,139.0,168.0,8888,251.0,2,9,8,3,2023,32,0,-83.0,1.494047619047619,8725.0,8261.0,7647.0,6521.0,192.0,157.0,158.0,207.0,271.0,215.0,8539.6,8228.7,262.9720517469459,407.82731912198386
137,2023-08-10,142.0,235.0,139.0,8914,353.0,3,10,8,3,2023,32,0,-214.0,2.539568345323741,8888.0,8294.0,7754.0,6604.0,168.0,157.0,193.0,251.0,339.0,259.0,8663.6,8344.7,264.38286631322825,422.5115514528708
138,2023-08-16,148.0,245.0,175.0,9634,288.0,2,16,8,3,2023,33,0,-113.0,1.6457142857142857,,8888.0,8261.0,7001.0,,168.0,157.0,,251.0,271.0,9274.0,8749.42857142857,509.11688245431424,466.60256362448865
139,2023-08-17,119.0,219.0,210.0,9694,407.0,3,17,8,3,2023,33,0,-197.0,1.938095238095238,9634.0,8914.0,8294.0,7116.0,175.0,139.0,157.0,288.0,353.0,339.0,9664.0,8949.42857142857,42.42640687119285,534.0267961887372
140,2023-08-20,105.0,210.0,149.0,9483,390.0,6,20,8,3,2023,33,1,-241.0,2.61744966442953,,,8298.0,7052.0,,,159.0,,,322.0,9603.666666666666,9118.714285714286,108.72135638104078,477.98944001085306
141,2023-08-21,143.0,203.0,163.0,9668,281.0,0,21,8,3,2023,34,0,-118.0,1.7239263803680982,9483.0,,8493.0,7220.0,149.0,,176.0,390.0,,202.0,9619.75,9286.57142857143,94.41883639754643,425.01131637592835
142,2023-08-22,119.0,209.0,152.0,9921,230.0,1,22,8,3,2023,34,0,-78.0,1.513157894736842,9668.0,,8725.0,7510.0,163.0,,192.0,281.0,,207.0,9680.0,9457.42857142857,157.5960024873727,401.37258548751026
143,2023-08-23,155.0,212.0,181.0,10071,285.0,2,23,8,3,2023,34,0,-104.0,1.574585635359116,9921.0,9634.0,8888.0,7647.0,152.0,175.0,168.0,230.0,288.0,251.0,9767.4,9626.42857142857,230.17232674672258,369.4350899877516
144,2023-08-24,109.0,214.0,173.0,10026,443.0,3,24,8,3,2023,34,0,-270.0,2.560693641618497,10071.0,9694.0,8914.0,7754.0,181.0,210.0,139.0,285.0,407.0,353.0,9833.8,9785.285714285714,250.67847933159334,221.49019111886955
145,2023-08-27,191.0,283.0,192.0,9873,488.0,6,27,8,3,2023,34,1,-296.0,2.5416666666666665,,9483.0,,7671.0,,149.0,,,390.0,,9911.8,9796.25,157.65056295491033,207.3917962283706
146,2023-08-28,170.0,297.0,196.0,10012,388.0,0,28,8,3,2023,35,0,-192.0,1.9795918367346939,9873.0,9668.0,,7800.0,192.0,163.0,,488.0,281.0,,9980.6,9820.222222222223,81.16218331218174,206.89839159457057
147,2023-08-29,152.0,272.0,214.0,10180,286.0,1,29,8,3,2023,35,0,-72.0,1.3364485981308412,10012.0,9921.0,,8103.0,196.0,152.0,,388.0,230.0,,10032.4,9856.2,110.83907253311082,225.8198888986535
148,2023-08-30,239.0,367.0,224.0,10280,366.0,2,30,8,3,2023,35,0,-142.0,1.6339285714285714,10180.0,10071.0,9634.0,8261.0,214.0,181.0,175.0,286.0,285.0,288.0,10074.2,9920.8,158.28834448562583,246.6336914895344
149,2023-08-31,113.0,280.0,237.0,10140,505.0,3,31,8,3,2023,35,0,-268.0,2.130801687763713,10280.0,10026.0,9694.0,8294.0,224.0,173.0,210.0,366.0,443.0,407.0,10097.0,9965.4,157.81951717072303,241.33250460257977
150,2023-09-04,196.0,306.0,187.0,9988,293.0,0,4,9,3,2023,36,0,-106.0,1.5668449197860963,,10012.0,9668.0,8493.0,,196.0,163.0,,388.0,281.0,10147.0,10054.555555555555,121.25455317911509,128.4465950414793
151,2023-09-05,236.0,330.0,222.0,10142,243.0,1,5,9,3,2023,36,0,-21.0,1.0945945945945945,9988.0,10180.0,9921.0,8725.0,187.0,214.0,152.0,293.0,286.0,230.0,10137.5,10079.111111111111,119.27978314310792,120.60829619509082
152,2023-09-06,81.0,230.0,242.0,10356,291.0,2,6,9,3,2023,36,0,-49.0,1.2024793388429753,10142.0,10280.0,10071.0,8888.0,222.0,224.0,181.0,243.0,366.0,285.0,10156.5,10110.777777777777,151.29992289048548,151.6358943140298
153,2023-09-07,118.0,245.0,160.0,10419,398.0,3,7,9,3,2023,36,0,-238.0,2.4875,10356.0,10140.0,10026.0,8914.0,242.0,237.0,173.0,291.0,505.0,443.0,10226.25,10154.444444444445,198.1991843239191,178.39570560343742
154,2023-09-10,218.0,283.0,208.0,10282,382.0,6,10,9,3,2023,36,1,-174.0,1.8365384615384615,,,9873.0,,,,192.0,,,488.0,10237.4,10199.888888888889,173.44682182156046,147.08538714325428
155,2023-09-11,132.0,243.0,183.0,10492,277.0,0,11,9,3,2023,37,0,-94.0,1.5136612021857923,10282.0,9988.0,10012.0,,208.0,187.0,196.0,382.0,293.0,388.0,10338.2,10253.222222222223,134.30636619311886,157.12238683400133
156,2023-09-12,224.0,315.0,152.0,10649,316.0,1,12,9,3,2023,37,0,-164.0,2.0789473684210527,10492.0,10142.0,10180.0,,183.0,222.0,214.0,277.0,243.0,286.0,10439.6,10305.333333333334,140.39693728853229,201.35106158142892
157,2023-09-13,167.0,326.0,213.0,10678,343.0,2,13,9,3,2023,37,0,-130.0,1.6103286384976525,10649.0,10356.0,10280.0,9634.0,152.0,242.0,224.0,316.0,291.0,366.0,10504.0,10349.555555555555,164.28177013899034,235.84322711866355
158,2023-09-14,209.0,353.0,232.0,10837,414.0,3,14,9,3,2023,37,0,-182.0,1.7844827586206897,10678.0,10419.0,10140.0,9694.0,213.0,160.0,237.0,343.0,398.0,505.0,10587.6,10427.0,210.16255613215222,270.3437626429849
159,2023-09-17,153.0,253.0,286.0,10799,427.0,6,17,9,3,2023,37,1,-141.0,1.493006993006993,,10282.0,,9483.0,,208.0,,,382.0,,10691.0,10464.2,136.48626304504052,280.71963079036857
160,2023-09-18,180.0,337.0,219.0,10892,313.0,0,18,9,3,2023,38,0,-94.0,1.4292237442922375,10799.0,10492.0,9988.0,9668.0,286.0,183.0,187.0,427.0,277.0,293.0,10771.0,10554.6,104.06007880066205,254.67984259102775
161,2023-09-19,133.0,287.0,189.0,11095,260.0,1,19,9,3,2023,38,0,-71.0,1.3756613756613756,10892.0,10649.0,10142.0,9921.0,219.0,152.0,222.0,313.0,316.0,243.0,10860.2,10649.9,152.98921530617753,261.3488303227669
162,2023-09-20,187.0,310.0,247.0,11064,364.0,2,20,9,3,2023,38,0,-117.0,1.4736842105263157,11095.0,10678.0,10356.0,10071.0,189.0,213.0,242.0,260.0,343.0,291.0,10937.4,10720.7,134.31418391219862,268.6807481834358
163,2023-09-21,168.0,285.0,210.0,11067,428.0,3,21,9,3,2023,38,0,-218.0,2.038095238095238,11064.0,10837.0,10419.0,10026.0,247.0,232.0,160.0,364.0,414.0,398.0,10983.4,10785.5,130.66866495070627,265.9604189431387
164,2023-09-24,269.0,412.0,204.0,10744,403.0,6,24,9,3,2023,38,1,-199.0,1.9754901960784315,,10799.0,10282.0,9873.0,,286.0,208.0,,427.0,382.0,10972.4,10831.7,150.83202577702102,200.96436942339415
165,2023-09-25,100.0,255.0,236.0,10842,284.0,0,25,9,3,2023,39,0,-48.0,1.2033898305084745,10744.0,10892.0,10492.0,10012.0,204.0,219.0,183.0,403.0,313.0,277.0,10962.4,10866.7,158.93489233016118,161.91221901583194
166,2023-09-26,205.0,294.0,177.0,10978,332.0,1,26,9,3,2023,39,0,-155.0,1.8757062146892656,10842.0,11095.0,10649.0,10180.0,236.0,189.0,152.0,284.0,260.0,316.0,10939.0,10899.6,142.2708684165522,145.33883781612283
167,2023-09-27,161.0,304.0,211.0,11017,331.0,2,27,9,3,2023,39,0,-120.0,1.5687203791469195,10978.0,11064.0,10678.0,10280.0,177.0,247.0,213.0,332.0,364.0,343.0,10929.6,10933.5,133.2114859912609,126.1808666600212
168,2023-09-28,57.0,162.0,193.0,10984,447.0,3,28,9,3,2023,39,0,-254.0,2.316062176165803,11017.0,11067.0,10837.0,10140.0,211.0,210.0,232.0,331.0,428.0,414.0,10913.0,10948.2,115.84903970253666,122.18910662469256
169,2023-10-01,80.0,122.0,152.0,10598,493.0,6,1,10,4,2023,39,1,-341.0,3.2434210526315788,,10744.0,10799.0,,,204.0,286.0,,403.0,427.0,10883.8,10928.1,173.26626907739387,160.1079149961282
170,2023-10-02,107.0,170.0,133.0,10724,284.0,0,2,10,4,2023,40,0,-151.0,2.1353383458646618,10598.0,10842.0,10892.0,9988.0,152.0,236.0,219.0,493.0,284.0,313.0,10860.2,10911.3,187.80894547385088,172.64031330410901
171,2023-10-03,99.0,156.0,139.0,10818,287.0,1,3,10,4,2023,40,0,-148.0,2.064748201438849,10724.0,10978.0,11095.0,10142.0,133.0,177.0,189.0,284.0,332.0,260.0,10828.2,10883.6,175.97783951395675,161.77089423683623
172,2023-10-04,25.0,66.0,94.0,10963,330.0,2,4,10,4,2023,40,0,-236.0,3.5106382978723403,10818.0,11017.0,11064.0,10356.0,139.0,211.0,247.0,287.0,331.0,364.0,10817.4,10873.5,162.64624188710903,152.12147923422245
173,2023-10-05,35.0,70.0,53.0,11130,427.0,3,5,10,4,2023,40,0,-374.0,8.056603773584905,10963.0,10984.0,11067.0,10419.0,94.0,193.0,210.0,330.0,447.0,428.0,10846.6,10879.8,207.07196816565957,162.00877891153908
174,2023-10-09,43.0,73.0,64.0,10815,282.0,0,9,10,4,2023,41,0,-218.0,4.40625,,10724.0,10842.0,10492.0,,133.0,236.0,,284.0,284.0,10931.5,10891.888888888889,149.27491416845584,165.54262626607672
175,2023-10-10,41.0,60.0,71.0,10910,257.0,1,10,10,4,2023,41,0,-186.0,3.619718309859155,10815.0,10818.0,10978.0,10649.0,64.0,139.0,177.0,282.0,287.0,332.0,10954.5,10884.333333333334,132.05175752963876,162.64762525152005
176,2023-10-11,65.0,83.0,65.0,10960,266.0,2,11,10,4,2023,41,0,-201.0,4.092307692307692,10910.0,10963.0,11017.0,10678.0,71.0,94.0,211.0,257.0,330.0,331.0,10953.75,10878.0,131.99589640085978,157.87574227841
177,2023-10-12,38.0,80.0,82.0,10992,398.0,3,12,10,4,2023,41,0,-316.0,4.853658536585366,10960.0,11130.0,10984.0,10837.0,65.0,53.0,193.0,266.0,427.0,447.0,10919.25,10878.888888888889,77.25876433561766,158.56815919682626
178,2023-10-15,56.0,82.0,68.0,10571,434.0,6,15,10,4,2023,41,1,-366.0,6.382352941176471,,,10598.0,10799.0,,,152.0,,,493.0,10849.6,10875.888888888889,169.50604708977173,164.68412525519895
179,2023-10-16,74.0,103.0,80.0,10629,331.0,0,16,10,4,2023,42,0,-251.0,4.1375,10571.0,10815.0,10724.0,10892.0,68.0,64.0,133.0,434.0,282.0,284.0,10812.4,10865.333333333334,197.15298628222675,178.13197354758913
180,2023-10-17,68.0,107.0,102.0,10630,315.0,1,17,10,4,2023,42,0,-213.0,3.088235294117647,10629.0,10910.0,10818.0,11095.0,80.0,71.0,139.0,331.0,257.0,287.0,10756.4,10844.444444444445,202.20113748443617,194.63498600646523
181,2023-10-18,92.0,124.0,93.0,10511,393.0,2,18,10,4,2023,42,0,-300.0,4.225806451612903,10630.0,10960.0,10963.0,11064.0,102.0,65.0,94.0,315.0,266.0,330.0,10666.6,10794.222222222223,188.40727162187733,217.22441033273395
182,2023-10-19,113.0,162.0,107.0,10319,406.0,3,19,10,4,2023,42,0,-299.0,3.794392523364486,10511.0,10992.0,11130.0,11067.0,93.0,82.0,53.0,393.0,398.0,427.0,10532.0,10704.111111111111,128.78664527038467,228.44607922017696
183,2023-10-22,106.0,196.0,131.0,9506,454.0,6,22,10,4,2023,42,1,-323.0,3.4656488549618323,,10571.0,,10744.0,,68.0,,,434.0,,10319.0,10584.3,471.8723344295572,435.81648788346297
184,2023-10-23,86.0,152.0,168.0,9436,327.0,0,23,10,4,2023,43,0,-159.0,1.9464285714285714,9506.0,10629.0,10815.0,10842.0,131.0,80.0,64.0,454.0,331.0,282.0,10080.4,10446.4,567.8012856625105,556.2403956723605
185,2023-10-24,84.0,118.0,136.0,9396,300.0,1,24,10,4,2023,43,0,-164.0,2.2058823529411766,9436.0,10630.0,10910.0,10978.0,168.0,102.0,71.0,327.0,315.0,257.0,9833.6,10295.0,536.5130939688237,618.5849443150883
186,2023-10-25,59.0,64.0,117.0,9351,293.0,2,25,10,4,2023,43,0,-176.0,2.5042735042735043,9396.0,10511.0,10960.0,11017.0,136.0,93.0,65.0,300.0,393.0,266.0,9601.6,10134.1,405.06085962482217,635.4218983390939
187,2023-10-26,62.0,97.0,52.0,9235,390.0,3,26,10,4,2023,43,0,-338.0,7.5,9351.0,10319.0,10992.0,10984.0,117.0,107.0,82.0,293.0,406.0,398.0,9384.8,9958.4,101.26549264186659,614.4132160036685
188,2023-10-29,91.0,75.0,97.0,8925,418.0,6,29,10,4,2023,43,1,-321.0,4.309278350515464,,9506.0,10571.0,10598.0,,131.0,68.0,,454.0,434.0,9268.6,9793.8,206.29663109222105,651.4289933164672
189,2023-10-30,29.0,51.0,11.0,9026,278.0,0,30,10,4,2023,44,0,-267.0,25.272727272727273,8925.0,9436.0,10629.0,10724.0,97.0,168.0,80.0,418.0,327.0,331.0,9186.6,9633.5,204.6003421307012,619.5190338749146
190,2023-10-31,33.0,53.0,34.0,9072,295.0,1,31,10,4,2023,44,0,-261.0,8.676470588235293,9026.0,9396.0,10630.0,10818.0,11.0,136.0,102.0,278.0,300.0,315.0,9121.8,9477.7,170.09908876887025,530.593807812403
191,2023-11-01,132.0,235.0,197.0,9250,279.0,2,1,11,4,2023,44,0,-82.0,1.416243654822335,9072.0,9351.0,10511.0,10963.0,34.0,117.0,93.0,295.0,293.0,393.0,9101.6,9351.6,139.28136989561787,388.5720868341482
192,2023-11-02,174.0,208.0,256.0,9442,330.0,3,2,11,4,2023,44,0,-74.0,1.2890625,9250.0,9235.0,10319.0,11130.0,197.0,52.0,107.0,279.0,390.0,406.0,9143.0,9263.9,204.39178065665934,198.40780114585908
193,2023-11-05,123.0,230.0,167.0,9273,370.0,6,5,11,4,2023,44,1,-203.0,2.215568862275449,,8925.0,9506.0,,,97.0,131.0,,418.0,454.0,9212.6,9240.6,167.52552044390112,179.60833932625462
194,2023-11-06,123.0,233.0,159.0,9286,316.0,0,6,11,4,2023,45,0,-157.0,1.9874213836477987,9273.0,9026.0,9436.0,10815.0,167.0,11.0,168.0,370.0,278.0,327.0,9264.6,9225.6,131.6313032678774,167.3195213422567
195,2023-11-07,141.0,232.0,188.0,9483,231.0,1,7,11,4,2023,45,0,-43.0,1.2287234042553192,9286.0,9072.0,9396.0,10910.0,159.0,34.0,136.0,316.0,295.0,300.0,9346.8,9234.3,107.38575324501812,179.01710036251217
196,2023-11-08,158.0,226.0,191.0,9634,310.0,2,8,11,4,2023,45,0,-119.0,1.6230366492146597,9483.0,9250.0,9351.0,10960.0,188.0,197.0,117.0,231.0,279.0,293.0,9423.6,9262.6,149.79085419343838,217.7042846513008
197,2023-11-12,96.0,160.0,233.0,9477,313.0,6,12,11,4,2023,45,1,-80.0,1.3433476394849786,,9273.0,8925.0,10571.0,,167.0,97.0,,370.0,418.0,9470.0,9327.0,142.5599289187998,200.1443229271699
198,2023-11-13,141.0,173.0,129.0,9510,287.0,0,13,11,4,2023,46,0,-158.0,2.2248062015503876,9477.0,9286.0,9026.0,10629.0,233.0,159.0,11.0,313.0,316.0,278.0,9526.0,9380.777777777777,73.41661937190983,172.235868634901
199,2023-11-14,116.0,181.0,182.0,9665,247.0,1,14,11,4,2023,46,0,-65.0,1.3571428571428572,9510.0,9483.0,9072.0,10630.0,129.0,188.0,34.0,287.0,231.0,295.0,9571.5,9446.666666666666,91.94382342858343,151.52887513597352
200,2023-11-15,150.0,157.0,201.0,9762,316.0,2,15,11,4,2023,46,0,-115.0,1.572139303482587,9665.0,9634.0,9250.0,10511.0,182.0,191.0,197.0,247.0,310.0,279.0,9603.5,9503.555555555555,133.72733452813557,164.0572393335643
201,2023-11-16,80.0,176.0,125.0,9762,374.0,3,16,11,4,2023,46,0,-249.0,2.992,9762.0,,9442.0,10319.0,201.0,,256.0,316.0,,330.0,9635.2,9539.111111111111,135.7818102692694,182.66940387235965
202,2023-11-19,116.0,188.0,164.0,9573,435.0,6,19,11,4,2023,46,1,-271.0,2.652439024390244,,9477.0,9273.0,9506.0,,233.0,167.0,,313.0,370.0,9654.4,9572.444444444445,112.633476373589,153.00254173623867
203,2023-11-20,105.0,185.0,158.0,9638,298.0,0,20,11,4,2023,47,0,-140.0,1.8860759493670887,9573.0,9510.0,9286.0,9436.0,164.0,129.0,159.0,435.0,287.0,316.0,9680.0,9611.555555555555,81.98475468036634,109.40647959672633
204,2023-11-21,136.0,246.0,123.0,9804,250.0,1,21,11,4,2023,47,0,-127.0,2.032520325203252,9638.0,9665.0,9483.0,9396.0,158.0,182.0,188.0,298.0,247.0,231.0,9707.8,9647.222222222223,97.6893034062577,114.46481749609815
205,2023-11-23,128.0,228.0,177.0,9838,283.0,3,23,11,4,2023,47,0,-106.0,1.5988700564971752,,9762.0,,9235.0,,125.0,,,374.0,,9713.25,9669.888888888889,127.97232773793908,130.58277494019407
206,2023-11-26,90.0,196.0,205.0,9845,312.0,6,26,11,4,2023,47,1,-107.0,1.5219512195121951,,9573.0,9477.0,8925.0,,164.0,233.0,,435.0,313.0,9781.25,9710.777777777777,97.16437961859526,119.80481811853016
207,2023-11-27,56.0,82.0,68.0,10123,214.0,0,27,11,4,2023,48,0,-146.0,3.1470588235294117,9845.0,9638.0,9510.0,9026.0,205.0,158.0,129.0,312.0,298.0,287.0,9902.5,9778.888888888889,148.08668632482292,159.1732110346453
208,2023-11-28,74.0,103.0,80.0,10223,223.0,1,28,11,4,2023,48,0,-143.0,2.7875,10123.0,9804.0,9665.0,9072.0,68.0,123.0,182.0,214.0,250.0,247.0,10007.25,9840.888888888889,195.71812213827593,209.86808025776284
209,2023-11-29,68.0,107.0,102.0,10398,284.0,2,29,11,4,2023,48,0,-182.0,2.784313725490196,10223.0,,9762.0,9250.0,80.0,,201.0,223.0,,316.0,10085.4,9911.555555555555,243.44670874752006,276.4873917156882
210,2023-11-30,92.0,124.0,93.0,10536,320.0,3,30,11,4,2023,48,0,-227.0,3.4408602150537635,10398.0,9838.0,9762.0,9442.0,102.0,177.0,125.0,284.0,283.0,374.0,10225.0,9997.555555555555,265.26307696322885,337.7429166951443
211,2023-12-03,132.0,235.0,197.0,10579,417.0,6,3,12,4,2023,48,1,-220.0,2.116751269035533,,9845.0,9573.0,9273.0,,205.0,164.0,,312.0,435.0,10371.8,10109.333333333334,196.61052871095163,346.0390151413043
212,2023-12-04,174.0,208.0,256.0,10635,273.0,0,4,12,4,2023,49,0,-17.0,1.06640625,10579.0,10123.0,9638.0,9286.0,197.0,68.0,158.0,417.0,214.0,298.0,10474.2,10220.111111111111,165.50438060667747,335.7210316781976
213,2023-12-05,123.0,230.0,167.0,10761,261.0,1,5,12,4,2023,49,0,-94.0,1.562874251497006,10635.0,10223.0,9804.0,9483.0,256.0,80.0,123.0,273.0,223.0,250.0,10581.8,10326.444444444445,133.07028218201063,338.99119129814943
214,2023-12-06,123.0,233.0,159.0,10832,376.0,2,6,12,4,2023,49,0,-217.0,2.3647798742138364,10761.0,10398.0,,9634.0,167.0,102.0,,261.0,284.0,,10668.6,10377.0,124.4761021240622,357.35882993609914
215,2023-12-07,141.0,232.0,188.0,10897,466.0,3,7,12,4,2023,49,0,-278.0,2.478723404255319,10832.0,10536.0,9838.0,,159.0,93.0,177.0,376.0,320.0,283.0,10740.8,10482.9,132.7561674650183,336.1677656567179
216,2023-12-10,158.0,226.0,191.0,10871,411.0,6,10,12,4,2023,49,1,-220.0,2.1518324607329844,,10579.0,9845.0,9477.0,,197.0,205.0,,417.0,312.0,10799.2,10585.5,105.13895567295693,269.8799115655497
217,2023-12-11,96.0,160.0,233.0,10998,304.0,0,11,12,4,2023,50,0,-71.0,1.3047210300429184,10871.0,10635.0,10123.0,9510.0,191.0,256.0,68.0,411.0,273.0,214.0,10871.8,10673.0,87.21066448548592,243.8587933847634
218,2023-12-12,141.0,173.0,129.0,11077,259.0,1,12,12,4,2023,50,0,-130.0,2.007751937984496,10998.0,10761.0,10223.0,9665.0,233.0,167.0,80.0,304.0,261.0,223.0,10935.0,10758.4,100.35188089916412,216.79186126575894
219,2023-12-13,116.0,181.0,182.0,11192,335.0,2,13,12,4,2023,50,0,-153.0,1.8406593406593406,11077.0,10832.0,10398.0,9762.0,129.0,159.0,102.0,259.0,376.0,284.0,11007.0,10837.8,132.1003406505828,215.526641817882
220,2023-12-14,150.0,157.0,201.0,11242,396.0,3,14,12,4,2023,50,0,-195.0,1.9701492537313432,11192.0,10897.0,10536.0,9762.0,182.0,188.0,93.0,335.0,466.0,320.0,11076.0,10908.4,149.26654012202474,221.23803169126714
221,2023-12-17,80.0,176.0,125.0,11092,456.0,6,17,12,4,2023,50,1,-331.0,3.648,,10871.0,10579.0,9573.0,,191.0,197.0,,411.0,417.0,11120.2,10959.7,96.93399816369914,194.19466178714995
222,2023-12-18,116.0,188.0,164.0,11149,364.0,0,18,12,4,2023,51,0,-200.0,2.2195121951219514,11092.0,10998.0,10635.0,9638.0,125.0,233.0,256.0,456.0,304.0,273.0,11150.4,11011.1,68.77717644684172,164.44820190889743
223,2023-12-19,105.0,185.0,158.0,11291,272.0,1,19,12,4,2023,51,0,-114.0,1.7215189873417722,11149.0,11077.0,10761.0,9804.0,164.0,129.0,167.0,364.0,259.0,261.0,11193.2,11064.1,77.68976766601884,160.24040966262774
224,2023-12-20,136.0,246.0,123.0,11516,390.0,2,20,12,4,2023,51,0,-267.0,3.1707317073170733,11291.0,11192.0,10832.0,,158.0,182.0,159.0,272.0,335.0,376.0,11258.0,11132.5,163.81849712410374,192.82994811192071
225,2023-12-21,128.0,228.0,177.0,11375,497.0,3,21,12,4,2023,51,0,-320.0,2.8079096045197742,11516.0,11242.0,10897.0,9838.0,123.0,201.0,188.0,390.0,396.0,466.0,11284.6,11180.3,171.20251166381868,187.1268434926215
226,2023-12-25,90.0,196.0,205.0,11144,347.0,0,25,12,4,2023,52,0,-142.0,1.6926829268292682,,11149.0,10998.0,10123.0,,164.0,233.0,,364.0,304.0,11331.5,11230.888888888889,155.70163775631886,143.41063806796694
227,2023-12-26,56.0,82.0,68.0,11217,288.0,1,26,12,4,2023,52,0,-220.0,4.235294117647059,11144.0,11291.0,11077.0,10223.0,205.0,158.0,129.0,347.0,272.0,259.0,11313.0,11246.444444444445,166.16257099599758,131.7508169907414
228,2023-12-27,74.0,103.0,80.0,11206,335.0,2,27,12,4,2023,52,0,-255.0,4.1875,11217.0,11516.0,11192.0,10398.0,68.0,123.0,182.0,288.0,390.0,335.0,11235.5,11248.0,98.3954605999009,131.10873349990857
229,2023-12-28,68.0,107.0,102.0,11230,357.0,3,28,12,4,2023,52,0,-255.0,3.5,11206.0,11375.0,11242.0,10536.0,80.0,177.0,201.0,335.0,497.0,396.0,11199.25,11246.666666666666,38.11714399934299,131.23833281457846
230,2024-01-01,92.0,124.0,93.0,10870,290.0,0,1,1,1,2024,1,0,-197.0,3.118279569892473,,11144.0,11149.0,10635.0,,205.0,164.0,,347.0,364.0,11130.75,11231.125,174.10987909937776,186.8050454349217
231,2024-01-02,113.0,162.0,107.0,10770,316.0,1,2,1,1,2024,1,0,-209.0,2.953271028037383,10870.0,11217.0,11291.0,10761.0,93.0,68.0,158.0,290.0,288.0,272.0,11019.0,11166.0,233.5893833203897,244.7721973006183
232,2024-01-03,106.0,196.0,131.0,10718,263.0,2,3,1,1,2024,1,0,-132.0,2.0076335877862594,10770.0,11206.0,11516.0,10832.0,107.0,80.0,123.0,316.0,335.0,390.0,10897.0,11066.25,230.78705914038278,244.36433571897217
233,2024-01-04,86.0,152.0,168.0,10558,362.0,3,4,1,1,2024,1,0,-194.0,2.1547619047619047,10718.0,11230.0,11375.0,10897.0,131.0,102.0,177.0,263.0,357.0,497.0,10729.0,10964.125,130.28686298574593,266.60641804503666
234,2024-01-07,84.0,118.0,136.0,9670,367.0,6,7,1,1,2024,1,1,-231.0,2.698529411764706,,,,10871.0,,,,,,,10517.2,10820.333333333334,486.85439301704986,498.275526190035
235,2024-01-08,59.0,64.0,117.0,9670,367.0,0,8,1,1,2024,2,0,-250.0,3.1367521367521367,9670.0,10870.0,11144.0,10998.0,136.0,93.0,205.0,367.0,290.0,347.0,10277.2,10656.555555555555,559.774240207604,608.6179242987644
236,2024-01-09,62.0,97.0,52.0,9311,286.0,1,9,1,1,2024,2,0,-234.0,5.5,9670.0,10770.0,11217.0,11077.0,117.0,107.0,68.0,367.0,316.0,288.0,9985.4,10444.777777777777,616.1053481345543,712.0480632965771
237,2024-01-10,91.0,75.0,97.0,9144,349.0,2,10,1,1,2024,2,0,-252.0,3.597938144329897,9311.0,10718.0,11206.0,11192.0,52.0,131.0,80.0,286.0,263.0,335.0,9670.6,10215.666666666666,546.3742307246932,766.1785040054082
238,2024-01-11,29.0,51.0,11.0,8829,476.0,3,11,1,1,2024,2,0,-465.0,43.27272727272727,9144.0,10558.0,11230.0,11242.0,97.0,168.0,102.0,349.0,362.0,357.0,9324.8,9948.888888888889,359.52148753586386,786.5808039299461
239,2024-01-15,33.0,53.0,34.0,8033,234.0,0,15,1,1,2024,3,0,-200.0,6.882352941176471,,9670.0,10870.0,11149.0,,117.0,93.0,,367.0,290.0,8829.25,9633.666666666666,567.2050628593978,927.1983336913273
240,2024-01-16,32.0,49.0,39.0,8133,188.0,1,16,1,1,2024,3,0,-149.0,4.82051282051282,8033.0,9311.0,10770.0,11291.0,34.0,52.0,107.0,234.0,286.0,316.0,8534.75,9340.666666666666,538.802607640312,939.7925302959043
241,2024-01-17,80.0,176.0,125.0,8072,353.0,2,17,1,1,2024,3,0,-228.0,2.824,8133.0,9144.0,10718.0,11516.0,39.0,97.0,131.0,188.0,349.0,263.0,8266.75,9046.666666666666,377.0856445601358,866.0415694410879
242,2024-01-18,116.0,188.0,164.0,8042,359.0,3,18,1,1,2024,3,0,-195.0,2.1890243902439024,8072.0,8829.0,10558.0,11375.0,125.0,11.0,168.0,353.0,476.0,362.0,8070.0,8767.111111111111,45.18849411077662,709.0564935963126
243,2024-01-21,105.0,185.0,158.0,7974,371.0,6,21,1,1,2024,3,1,-213.0,2.348101265822785,,,9670.0,,,,136.0,,,367.0,8050.8,8578.666666666666,58.09216814683176,662.9766210055897
244,2024-01-22,136.0,246.0,123.0,8008,222.0,0,22,1,1,2024,4,0,-99.0,1.8048780487804879,7974.0,8033.0,9670.0,11144.0,158.0,34.0,117.0,371.0,234.0,367.0,8045.8,8394.0,61.009835272681855,541.2993626451005
245,2024-01-23,128.0,228.0,177.0,8133,202.0,1,23,1,1,2024,4,0,-25.0,1.1412429378531073,8008.0,8133.0,9311.0,11217.0,123.0,39.0,52.0,222.0,188.0,286.0,8045.8,8263.111111111111,61.009835272681855,420.8748164372693
246,2024-01-24,90.0,196.0,205.0,8212,243.0,2,24,1,1,2024,4,0,-38.0,1.1853658536585365,8133.0,8072.0,9144.0,11206.0,177.0,125.0,97.0,202.0,353.0,349.0,8073.8,8159.555555555556,97.34577546046756,261.53829122668276
247,2024-01-25,102.0,189.0,155.0,8180,293.0,3,25,1,1,2024,4,0,-138.0,1.8903225806451613,8212.0,8042.0,8829.0,11230.0,205.0,164.0,11.0,243.0,359.0,476.0,8101.4,8087.444444444444,105.31286721004122,81.14818406947887
248,2024-01-28,120.0,257.0,126.0,8004,307.0,6,28,1,1,2024,4,1,-181.0,2.4365079365079363,,7974.0,,,,158.0,,,371.0,,8107.4,8079.1,96.74605935127165,80.92994226831199
249,2024-01-29,137.0,272.0,166.0,8057,195.0,0,29,1,1,2024,5,0,-29.0,1.1746987951807228,8004.0,8008.0,8033.0,10870.0,126.0,123.0,34.0,307.0,222.0,234.0,8117.2,8081.5,86.0505665292204,79.75831548425292
250,2024-01-30,93.0,198.0,208.0,8182,187.0,1,30,1,1,2024,5,0,21.0,0.8990384615384616,8057.0,8133.0,8133.0,10770.0,166.0,177.0,39.0,195.0,202.0,188.0,8127.0,8086.4,90.9505360072154,84.63017586336059
251,2024-01-31,203.0,477.0,258.0,8153,266.0,2,31,1,1,2024,5,0,-8.0,1.0310077519379846,8182.0,8212.0,8072.0,10718.0,208.0,205.0,125.0,187.0,243.0,353.0,8115.2,8094.5,80.37847970694511,86.94346822311182
252,2024-02-01,222.0,459.0,289.0,8026,337.0,3,1,2,1,2024,5,0,-48.0,1.166089965397924,8153.0,8180.0,8042.0,10558.0,258.0,155.0,164.0,266.0,293.0,359.0,8084.4,8092.9,78.83083153183009,88.15573341155947
253,2024-02-04,253.0,531.0,248.0,7813,342.0,6,4,2,1,2024,5,1,-94.0,1.3790322580645162,,8004.0,7974.0,9670.0,,126.0,158.0,,307.0,371.0,8046.2,8076.8,145.5633882540516,120.90289951489125
254,2024-02-05,157.0,466.0,345.0,7872,242.0,0,5,2,1,2024,6,0,103.0,0.7014492753623188,7813.0,8057.0,8008.0,9670.0,248.0,166.0,123.0,342.0,195.0,222.0,8009.2,8063.2,164.42232208553608,136.18516806171263
255,2024-02-06,291.0,455.0,323.0,8045,178.0,1,6,2,1,2024,6,0,145.0,0.5510835913312694,7872.0,8182.0,8133.0,9311.0,345.0,208.0,177.0,242.0,187.0,202.0,7981.8,8054.4,137.6651735189396,133.9993366484298
256,2024-02-07,227.0,453.0,330.0,8160,222.0,2,7,2,1,2024,6,0,108.0,0.6727272727272727,8045.0,8153.0,8212.0,9144.0,323.0,258.0,205.0,178.0,266.0,243.0,7983.2,8049.2,139.85957242891803,128.0822652308418
257,2024-02-08,298.0,499.0,358.0,8188,315.0,3,8,2,1,2024,6,0,43.0,0.8798882681564246,8160.0,8026.0,8180.0,8829.0,330.0,289.0,155.0,222.0,337.0,293.0,8015.6,8050.0,168.15558272028838,129.0116273829496
258,2024-02-11,205.0,515.0,226.0,8056,347.0,6,11,2,1,2024,6,1,-121.0,1.5353982300884956,,7813.0,8004.0,,,248.0,126.0,,342.0,307.0,8064.2,8055.2,124.37925872105738,127.99548603150592
259,2024-02-12,213.0,430.0,440.0,8092,234.0,0,12,2,1,2024,7,0,206.0,0.5318181818181819,8056.0,7872.0,8057.0,8033.0,226.0,345.0,166.0,347.0,242.0,195.0,8108.2,8058.7,63.31034670573,128.52760187773438
260,2024-02-13,227.0,369.0,349.0,8348,160.0,1,13,2,1,2024,7,0,189.0,0.4584527220630373,8092.0,8045.0,8182.0,8133.0,440.0,323.0,208.0,234.0,178.0,187.0,8168.8,8075.3,113.11586979730002,154.34812744066983
261,2024-02-14,185.0,322.0,272.0,8512,230.0,2,14,2,1,2024,7,0,42.0,0.8455882352941176,8348.0,8160.0,8153.0,8072.0,349.0,330.0,258.0,160.0,222.0,266.0,8239.2,8111.2,189.80832436961154,207.1477197020868
262,2024-02-15,333.0,508.0,272.0,8463,312.0,3,15,2,1,2024,7,0,-40.0,1.1470588235294117,8512.0,8188.0,8026.0,8042.0,272.0,358.0,289.0,230.0,315.0,337.0,8294.2,8154.9,210.02904561036223,231.80425171059161
263,2024-02-19,249.0,420.0,371.0,8380,218.0,0,19,2,1,2024,8,0,153.0,0.5876010781671159,,8092.0,7872.0,8008.0,,440.0,345.0,,234.0,242.0,8425.75,8249.333333333334,75.19917996006396,179.26307483694185
264,2024-02-20,149.0,395.0,273.0,8488,192.0,1,20,2,1,2024,8,0,81.0,0.7032967032967034,8380.0,8348.0,8045.0,8133.0,371.0,349.0,323.0,218.0,160.0,178.0,8460.75,8298.555555555555,57.43039265057692,176.9485173087711
265,2024-02-21,232.0,430.0,318.0,8573,231.0,2,21,2,1,2024,8,0,87.0,0.7264150943396226,8488.0,8512.0,8160.0,8212.0,273.0,272.0,330.0,192.0,230.0,222.0,8476.0,8344.444444444445,79.4522917647195,189.62338404788625
266,2024-02-22,165.0,400.0,292.0,8607,293.0,3,22,2,1,2024,8,0,-1.0,1.0034246575342465,8573.0,8463.0,8188.0,8180.0,318.0,272.0,358.0,231.0,312.0,315.0,8512.0,8391.0,101.2356985784466,197.67713575422437
267,2024-02-25,244.0,482.0,366.0,8404,329.0,6,25,2,1,2024,8,1,37.0,0.8989071038251366,,,8056.0,8004.0,,,226.0,,,347.0,8490.4,8429.666666666666,100.09645348362528,152.9289050506599
268,2024-02-26,199.0,438.0,326.0,8404,329.0,0,26,2,1,2024,9,0,-3.0,1.00920245398773,8404.0,8380.0,8092.0,8057.0,366.0,371.0,440.0,329.0,218.0,234.0,8495.2,8464.333333333334,93.86000213083096,88.68624470566728
269,2024-02-27,197.0,369.0,306.0,8650,206.0,1,27,2,1,2024,9,0,100.0,0.673202614379085,8404.0,8488.0,8348.0,8182.0,326.0,273.0,349.0,329.0,192.0,160.0,8527.6,8497.888888888889,116.08315984672187,95.99927661760984
270,2024-02-28,209.0,447.0,274.0,8699,257.0,2,28,2,1,2024,9,0,17.0,0.9379562043795621,8650.0,8573.0,8512.0,8153.0,306.0,318.0,272.0,206.0,231.0,230.0,8552.8,8518.666666666666,139.68070732925008,117.30728877607356
271,2024-02-29,262.0,444.0,354.0,8724,299.0,3,29,2,1,2024,9,0,55.0,0.844632768361582,8699.0,8607.0,8463.0,8026.0,274.0,292.0,272.0,257.0,293.0,312.0,8576.2,8547.666666666666,159.43399888354924,133.03289066991258
272,2024-03-03,236.0,468.0,347.0,8594,354.0,6,3,3,1,2024,9,1,-7.0,1.0201729106628241,,8404.0,,7813.0,,366.0,,,329.0,,8614.2,8552.3,127.59388700090432,126.27751625330924
273,2024-03-04,225.0,509.0,340.0,8660,229.0,0,4,3,1,2024,10,0,111.0,0.6735294117647059,8594.0,8404.0,8380.0,7872.0,347.0,326.0,371.0,354.0,329.0,218.0,8665.4,8580.3,49.81766754876719,114.30276559303246
274,2024-03-05,246.0,472.0,345.0,8800,214.0,1,5,3,1,2024,10,0,131.0,0.6202898550724638,8660.0,8650.0,8488.0,8045.0,340.0,306.0,273.0,229.0,206.0,192.0,8695.4,8611.5,76.33347889359888,128.0627016564499
275,2024-03-06,230.0,457.0,277.0,8870,232.0,2,6,3,1,2024,10,0,45.0,0.8375451263537906,8800.0,8699.0,8573.0,8160.0,345.0,274.0,318.0,214.0,257.0,231.0,8729.6,8641.2,109.4659764493036,150.59865721695138
276,2024-03-07,181.0,424.0,328.0,8902,305.0,3,7,3,1,2024,10,0,23.0,0.9298780487804879,8870.0,8724.0,8607.0,8188.0,277.0,354.0,292.0,232.0,299.0,293.0,8765.2,8670.7,133.49606735780444,170.7057572419536
277,2024-03-10,190.0,368.0,326.0,8714,373.0,6,10,3,1,2024,10,1,-47.0,1.1441717791411044,,8594.0,8404.0,8056.0,,347.0,366.0,,354.0,329.0,8789.2,8701.7,102.12345470066823,142.75079295360177
278,2024-03-11,178.0,336.0,290.0,8757,253.0,0,11,3,1,2024,11,0,37.0,0.8724137931034482,8714.0,8660.0,8404.0,8092.0,326.0,340.0,326.0,373.0,229.0,329.0,8808.6,8737.0,77.74831187877595,97.39495766091225
279,2024-03-12,154.0,294.0,290.0,8843,213.0,1,12,3,1,2024,11,0,77.0,0.7344827586206897,8757.0,8800.0,8650.0,8348.0,290.0,345.0,306.0,253.0,214.0,206.0,8817.2,8756.3,78.92844861011399,97.36192502430045
280,2024-03-13,165.0,358.0,167.0,8819,239.0,2,13,3,1,2024,11,0,-72.0,1.4311377245508983,8843.0,8870.0,8699.0,8512.0,290.0,277.0,274.0,213.0,232.0,257.0,8807.0,8768.3,73.50850290952346,96.90894924844389
281,2024-03-14,166.0,301.0,252.0,8695,310.0,3,14,3,1,2024,11,0,-58.0,1.2301587301587302,8819.0,8902.0,8724.0,8463.0,167.0,328.0,354.0,239.0,305.0,299.0,8765.6,8765.4,64.3490481670042,98.79743586412734
282,2024-03-17,127.0,260.0,259.0,8373,342.0,6,17,3,1,2024,11,1,-83.0,1.3204633204633205,,8714.0,8594.0,,,326.0,347.0,,373.0,354.0,8697.4,8743.3,190.249310117013,151.86401080496574
283,2024-03-18,123.0,243.0,188.0,8333,283.0,0,18,3,1,2024,12,0,-95.0,1.5053191489361701,8373.0,8757.0,8660.0,8380.0,259.0,290.0,340.0,342.0,253.0,229.0,8612.6,8710.6,243.95655350902013,199.52120466532875
284,2024-03-19,99.0,202.0,256.0,8390,197.0,1,19,3,1,2024,12,0,59.0,0.76953125,8333.0,8843.0,8800.0,8488.0,188.0,290.0,345.0,283.0,213.0,214.0,8522.0,8669.6,219.9340810333847,220.16670451676043
285,2024-03-20,91.0,181.0,174.0,8365,227.0,2,20,3,1,2024,12,0,-53.0,1.3045977011494252,8390.0,8819.0,8870.0,8573.0,256.0,167.0,277.0,197.0,239.0,232.0,8431.2,8619.1,148.91339765111616,226.90646629048945
286,2024-03-21,132.0,261.0,141.0,8292,235.0,3,21,3,1,2024,12,0,-94.0,1.6666666666666667,8365.0,8695.0,8902.0,8607.0,174.0,252.0,328.0,227.0,310.0,305.0,8350.6,8558.1,38.74661275517533,224.38332776249243
287,2024-03-24,124.0,264.0,221.0,7899,373.0,6,24,3,1,2024,12,1,-152.0,1.6877828054298643,,8373.0,8714.0,8404.0,,259.0,326.0,,342.0,373.0,8255.8,8476.6,202.799654832052,297.54857679973463
288,2024-03-25,128.0,242.0,224.0,7899,229.0,0,25,3,1,2024,13,0,-5.0,1.0223214285714286,7899.0,8333.0,8757.0,8404.0,221.0,188.0,290.0,373.0,283.0,253.0,8169.0,8390.8,249.09134870564938,329.6795750758819
289,2024-03-26,187.0,276.0,200.0,7919,208.0,1,26,3,1,2024,13,0,-8.0,1.04,7899.0,8390.0,8843.0,8650.0,224.0,256.0,290.0,229.0,197.0,213.0,8074.8,8298.4,233.1720394901572,318.14224631268416
290,2024-03-27,129.0,287.0,185.0,7893,215.0,2,27,3,1,2024,13,0,-30.0,1.162162162162162,7919.0,8365.0,8819.0,8699.0,200.0,174.0,167.0,208.0,227.0,239.0,7980.4,8205.8,174.46718889235143,282.54942537150794
291,2024-03-28,161.0,288.0,248.0,7762,360.0,3,28,3,1,2024,13,0,-112.0,1.4516129032258065,7893.0,8292.0,8695.0,8724.0,185.0,141.0,252.0,215.0,235.0,310.0,7874.4,8112.5,63.598742125920914,255.84294227338478
292,2024-03-31,105.0,254.0,151.0,7257,287.0,6,31,3,1,2024,13,1,-136.0,1.900662251655629,,7899.0,8373.0,8594.0,,221.0,259.0,,373.0,342.0,7746.0,8000.9,280.3230279516818,354.1146863815484
293,2024-04-01,109.0,235.0,171.0,7271,172.0,0,1,4,2,2024,14,0,-1.0,1.0058479532163742,7257.0,7899.0,8333.0,8660.0,151.0,224.0,188.0,287.0,229.0,283.0,7620.4,7894.7,330.78059193368546,399.75744034489503
294,2024-04-02,101.0,230.0,175.0,7340,132.0,1,2,4,2,2024,14,0,43.0,0.7542857142857143,7271.0,7919.0,8390.0,8800.0,171.0,200.0,256.0,172.0,208.0,197.0,7504.6,7789.7,300.0321649423597,393.047085106991
295,2024-04-03,124.0,230.0,190.0,7346,163.0,2,3,4,2,2024,14,0,27.0,0.8578947368421053,7340.0,7893.0,8365.0,8870.0,175.0,185.0,174.0,132.0,215.0,227.0,7395.2,7687.8,208.88681145538933,357.83882156945083
296,2024-04-04,95.0,226.0,152.0,7317,225.0,3,4,4,2,2024,14,0,-73.0,1.480263157894737,7346.0,7762.0,8292.0,8902.0,190.0,248.0,141.0,163.0,360.0,235.0,7306.2,7590.3,40.31997023807623,303.64637692917256
297,2024-04-07,106.0,239.0,233.0,6982,279.0,6,7,4,2,2024,14,1,-46.0,1.1974248927038627,,7257.0,7899.0,8714.0,,151.0,221.0,,287.0,373.0,7251.2,7498.6,153.34829637136286,336.72514343632406
298,2024-04-08,102.0,230.0,167.0,6988,199.0,0,8,4,2,2024,15,0,-32.0,1.1916167664670658,6982.0,7271.0,7899.0,8757.0,233.0,171.0,224.0,279.0,172.0,229.0,7194.6,7407.5,191.65541995988363,339.5838139055767
299,2024-04-09,118.0,231.0,217.0,7043,130.0,1,9,4,2,2024,15,0,87.0,0.5990783410138248,6988.0,7340.0,7919.0,8843.0,167.0,175.0,200.0,199.0,132.0,208.0,7135.2,7319.9,181.05717329064697,304.1097937697127
300,2024-04-10,117.0,244.0,142.0,6999,227.0,2,10,4,2,2024,15,0,-85.0,1.5985915492957747,7043.0,7346.0,7893.0,8819.0,217.0,190.0,185.0,130.0,163.0,215.0,7065.8,7230.5,142.44191798764632,241.97210583038378
301,2024-04-11,183.0,221.0,220.0,6912,285.0,3,11,4,2,2024,15,0,-65.0,1.2954545454545454,6999.0,7317.0,7762.0,8695.0,142.0,152.0,248.0,227.0,225.0,360.0,6984.8,7145.5,47.18792218353529,174.37332237342386
302,2024-04-14,128.0,245.0,243.0,6630,290.0,6,14,4,2,2024,15,1,-47.0,1.1934156378600822,,6982.0,7257.0,8373.0,,233.0,151.0,,279.0,287.0,6914.4,7082.8,165.83214404933486,232.77304158531624
303,2024-04-15,144.0,303.0,176.0,6681,191.0,0,15,4,2,2024,16,0,-15.0,1.0852272727272727,6630.0,6988.0,7271.0,8333.0,243.0,167.0,171.0,290.0,199.0,172.0,6853.0,7023.8,187.22312891306817,253.61028720808676
304,2024-04-16,219.0,392.0,205.0,6685,163.0,1,16,4,2,2024,16,0,42.0,0.7951219512195122,6681.0,7043.0,7340.0,8390.0,176.0,217.0,175.0,191.0,130.0,132.0,6781.4,6958.3,163.32574812318884,247.3782753418368
305,2024-04-17,182.0,371.0,274.0,6725,227.0,2,17,4,2,2024,16,0,47.0,0.8284671532846716,6685.0,6999.0,7346.0,8365.0,205.0,142.0,190.0,163.0,227.0,163.0,6726.6,6896.2,108.99220155588793,215.07559394571402
306,2024-04-18,144.0,322.0,258.0,6728,260.0,3,18,4,2,2024,16,0,-2.0,1.0077519379844961,6725.0,6912.0,7317.0,8292.0,274.0,220.0,152.0,227.0,285.0,225.0,6689.8,6837.3,39.921172327467026,160.8464070679147
307,2024-04-21,208.0,380.0,343.0,6745,240.0,6,21,4,2,2024,16,1,103.0,0.6997084548104956,,6630.0,6982.0,7899.0,,243.0,233.0,,290.0,279.0,6712.8,6813.6,28.287806560412456,154.4914237101552
308,2024-04-22,176.0,424.0,251.0,6799,214.0,0,22,4,2,2024,17,0,37.0,0.852589641434263,6745.0,6681.0,6988.0,7899.0,343.0,176.0,167.0,240.0,191.0,199.0,6736.4,6794.7,41.33763418483597,141.82700730111583
309,2024-04-23,252.0,427.0,307.0,6967,134.0,1,23,4,2,2024,17,0,173.0,0.4364820846905538,6799.0,6685.0,7043.0,7919.0,251.0,205.0,217.0,214.0,163.0,130.0,6792.8,6787.1,101.81453727243137,128.44838998165625
310,2024-04-24,253.0,411.0,307.0,7128,154.0,2,24,4,2,2024,17,0,153.0,0.501628664495114,6967.0,6725.0,6999.0,7893.0,307.0,274.0,142.0,134.0,227.0,227.0,6873.4,6800.0,170.83998361039298,155.68415319340085
311,2024-04-25,145.0,357.0,333.0,7209,217.0,3,25,4,2,2024,17,0,116.0,0.6516516516516516,7128.0,6728.0,6912.0,7762.0,307.0,258.0,220.0,154.0,260.0,285.0,6969.6,6829.7,201.22077427541953,201.12298614416565
312,2024-04-28,158.0,349.0,365.0,7298,250.0,6,28,4,2,2024,17,1,115.0,0.684931506849315,,6745.0,6630.0,7257.0,,343.0,243.0,,240.0,290.0,7080.2,6896.5,198.87106375739864,235.43258058304207
313,2024-04-29,140.0,292.0,255.0,7373,187.0,0,29,4,2,2024,18,0,68.0,0.7333333333333333,7298.0,6799.0,6681.0,7271.0,365.0,251.0,176.0,250.0,214.0,191.0,7195.0,6965.7,157.29113134566532,264.9071325745673
314,2024-04-30,220.0,443.0,194.0,7431,135.0,1,30,4,2,2024,18,0,59.0,0.6958762886597938,7373.0,6967.0,6685.0,7340.0,255.0,307.0,205.0,187.0,134.0,163.0,7287.8,7040.3,122.08071100710107,281.5911338566202
315,2024-05-01,197.0,437.0,295.0,7508,190.0,2,1,5,2,2024,18,0,105.0,0.6440677966101694,7431.0,7128.0,6725.0,7346.0,194.0,307.0,274.0,135.0,154.0,227.0,7363.8,7118.6,115.8520608362204,292.81438944603934
316,2024-05-02,206.0,411.0,293.0,7577,194.0,3,2,5,2,2024,18,0,99.0,0.6621160409556314,7508.0,7209.0,6728.0,7317.0,295.0,333.0,258.0,190.0,217.0,260.0,7437.4,7203.5,109.65080939053445,290.0468352984678
317,2024-05-05,150.0,315.0,228.0,7447,332.0,6,5,5,2,2024,18,1,-104.0,1.456140350877193,,7298.0,6745.0,6982.0,,365.0,343.0,,250.0,240.0,7467.2,7273.7,77.96281164760116,248.76005842308413
318,2024-05-06,173.0,337.0,211.0,7449,205.0,0,6,5,2,2024,19,0,6.0,0.9715639810426541,7447.0,7373.0,6799.0,6988.0,228.0,255.0,251.0,332.0,187.0,214.0,7482.4,7338.7,60.44667071063,188.58363897453623
319,2024-05-07,176.0,334.0,246.0,7566,163.0,1,7,5,2,2024,19,0,83.0,0.6626016260162602,7449.0,7431.0,6967.0,7043.0,211.0,194.0,307.0,205.0,135.0,134.0,7509.4,7398.6,61.88133805921901,148.2109607582314
320,2024-05-08,167.0,374.0,205.0,7583,202.0,2,8,5,2,2024,19,0,3.0,0.9853658536585366,7566.0,7508.0,7128.0,6999.0,246.0,295.0,307.0,163.0,190.0,154.0,7524.4,7444.1,70.01285596231133,123.726804784619
321,2024-05-09,138.0,285.0,268.0,7570,244.0,3,9,5,2,2024,19,0,24.0,0.9104477611940298,7583.0,7577.0,7209.0,6912.0,205.0,293.0,333.0,202.0,194.0,217.0,7523.0,7480.2,68.75681784375531,97.36620449502324
322,2024-05-12,138.0,301.0,263.0,7464,245.0,6,12,5,2,2024,19,1,18.0,0.9315589353612167,,7447.0,7298.0,6630.0,,228.0,365.0,,332.0,250.0,7526.4,7496.8,64.33739192724043,74.26050243710382
323,2024-05-13,112.0,331.0,167.0,7499,157.0,0,13,5,2,2024,20,0,10.0,0.9401197604790419,7464.0,7449.0,7373.0,6681.0,263.0,211.0,255.0,245.0,205.0,187.0,7536.4,7509.4,52.0028845353731,60.29777957944284
324,2024-05-14,246.0,419.0,218.0,7546,186.0,1,14,5,2,2024,20,0,32.0,0.8532110091743119,7499.0,7566.0,7431.0,6685.0,167.0,246.0,194.0,157.0,163.0,135.0,7532.4,7520.9,49.882862788730804,54.357765467829054
325,2024-05-15,115.0,285.0,341.0,7589,265.0,2,15,5,2,2024,20,0,76.0,0.7771260997067448,7546.0,7583.0,7508.0,6725.0,218.0,205.0,295.0,186.0,202.0,190.0,7533.6,7529.0,51.45191930335867,58.126299268536755
326,2024-05-16,206.0,340.0,214.0,7565,234.0,3,16,5,2,2024,20,0,-20.0,1.0934579439252337,7589.0,7570.0,7577.0,6728.0,341.0,268.0,293.0,265.0,244.0,194.0,7532.6,7527.8,50.60928768516045,57.14076186625007
327,2024-05-19,143.0,295.0,278.0,7356,298.0,6,19,5,2,2024,20,1,-20.0,1.0719424460431655,,7464.0,7447.0,6745.0,,263.0,228.0,,245.0,332.0,7511.0,7518.7,92.7280971442816,75.67775249180626
328,2024-05-20,111.0,268.0,217.0,7368,192.0,0,20,5,2,2024,21,0,25.0,0.8847926267281107,7356.0,7499.0,7449.0,6799.0,278.0,167.0,211.0,298.0,157.0,205.0,7484.8,7510.6,113.21086520294477,87.39463497384213
329,2024-05-21,196.0,348.0,176.0,7404,145.0,1,21,5,2,2024,21,0,31.0,0.8238636363636364,7368.0,7546.0,7566.0,6967.0,217.0,218.0,246.0,192.0,186.0,163.0,7456.4,7494.4,111.8226274060815,90.9275657994382
330,2024-05-22,168.0,349.0,272.0,7474,208.0,2,22,5,2,2024,21,0,64.0,0.7647058823529411,7404.0,7589.0,7583.0,7128.0,176.0,341.0,205.0,145.0,265.0,202.0,7433.4,7483.5,86.74560507598825,85.49756331804032
331,2024-05-23,193.0,272.0,314.0,7494,227.0,3,23,5,2,2024,21,0,87.0,0.7229299363057324,7474.0,7565.0,7570.0,7209.0,272.0,214.0,268.0,208.0,234.0,244.0,7419.2,7475.9,62.13855485927644,80.16573111020352
332,2024-05-27,156.0,344.0,252.0,7365,167.0,0,27,5,2,2024,22,0,85.0,0.6626984126984127,,7368.0,7499.0,7373.0,,217.0,167.0,,192.0,157.0,7434.25,7462.333333333333,60.16851336038711,92.06383654827602
333,2024-05-28,153.0,348.0,239.0,7418,151.0,1,28,5,2,2024,22,0,88.0,0.6317991631799164,7365.0,7404.0,7546.0,7431.0,252.0,176.0,218.0,167.0,145.0,186.0,7437.75,7448.111111111111,58.19722215592209,87.28608772936754
334,2024-05-29,182.0,462.0,158.0,7491,141.0,2,29,5,2,2024,22,0,17.0,0.8924050632911392,7418.0,7474.0,7589.0,7508.0,239.0,272.0,341.0,151.0,208.0,265.0,7442.0,7437.222222222223,62.20932405997578,72.34773282164568
335,2024-05-30,167.0,406.0,339.0,7563,190.0,3,30,5,2,2024,22,0,149.0,0.56047197640118,7491.0,7494.0,7565.0,7577.0,158.0,314.0,214.0,141.0,227.0,234.0,7459.25,7437.0,86.32641542424356,71.90792724024088
336,2024-06-02,159.0,330.0,322.0,7546,306.0,6,2,6,2,2024,22,1,16.0,0.9503105590062112,,,7356.0,7447.0,,,278.0,,,298.0,7476.6,7458.111111111111,84.22766766329993,73.03671070837461
337,2024-06-03,109.0,244.0,257.0,7596,224.0,0,3,6,2,2024,23,0,33.0,0.8715953307392996,7546.0,7365.0,7368.0,7449.0,322.0,252.0,217.0,306.0,167.0,192.0,7522.8,7483.444444444444,69.83337311056428,77.29183513001468
338,2024-06-04,260.0,356.0,176.0,7565,203.0,1,4,6,2,2024,23,0,-27.0,1.1534090909090908,7596.0,7418.0,7404.0,7566.0,257.0,239.0,176.0,224.0,151.0,145.0,7552.2,7501.333333333333,38.674280859497266,75.20970682024712
339,2024-06-05,173.0,345.0,291.0,7691,198.0,2,5,6,2,2024,23,0,93.0,0.6804123711340206,7565.0,7491.0,7474.0,7583.0,176.0,158.0,272.0,203.0,141.0,208.0,7592.2,7525.444444444444,58.100774521509486,96.98338918477337
340,2024-06-06,179.0,326.0,282.0,7741,238.0,3,6,6,2,2024,23,0,44.0,0.8439716312056738,7691.0,7563.0,7494.0,7570.0,291.0,339.0,314.0,198.0,190.0,227.0,7627.8,7552.888888888889,84.34275309710539,119.34345860204677
341,2024-06-09,116.0,289.0,166.0,7451,312.0,6,9,6,2,2024,23,1,-146.0,1.8795180722891567,,7546.0,,7464.0,,322.0,,,306.0,,7608.8,7542.7,113.15564502047295,117.0404013815073
342,2024-06-10,184.0,334.0,229.0,7439,212.0,0,10,6,2,2024,24,0,17.0,0.925764192139738,7451.0,7596.0,7365.0,7499.0,166.0,257.0,252.0,312.0,224.0,167.0,7577.4,7550.1,136.88973664960886,106.41371047833323
343,2024-06-11,186.0,352.0,224.0,7493,156.0,1,11,6,2,2024,24,0,68.0,0.6964285714285714,7439.0,7565.0,7418.0,7546.0,229.0,176.0,239.0,212.0,203.0,151.0,7563.0,7557.6,142.20407870380959,98.41092983556166
344,2024-06-12,152.0,266.0,274.0,7548,212.0,2,12,6,2,2024,24,0,62.0,0.7737226277372263,7493.0,7691.0,7491.0,7589.0,224.0,291.0,158.0,156.0,198.0,141.0,7534.4,7563.3,123.12513959382653,95.73928718713036
345,2024-06-13,167.0,293.0,230.0,7544,259.0,3,13,6,2,2024,24,0,-29.0,1.126086956521739,7548.0,7741.0,7563.0,7565.0,274.0,282.0,339.0,212.0,238.0,190.0,7495.0,7561.4,50.70995957402497,95.93423673416336
346,2024-06-16,204.0,315.0,233.0,7307,294.0,6,16,6,2,2024,24,1,-61.0,1.261802575107296,,7451.0,7546.0,7356.0,,166.0,322.0,,312.0,306.0,7466.2,7537.5,99.4318862337391,125.43280627044008
347,2024-06-17,159.0,310.0,272.0,7318,224.0,0,17,6,2,2024,25,0,48.0,0.8235294117647058,7307.0,7439.0,7596.0,7368.0,233.0,229.0,257.0,294.0,212.0,224.0,7442.0,7509.7,120.2518191130564,140.8821808777743
348,2024-06-18,160.0,297.0,253.0,7340,214.0,1,18,6,2,2024,25,0,39.0,0.8458498023715415,7318.0,7493.0,7565.0,7404.0,272.0,224.0,176.0,224.0,156.0,203.0,7411.4,7487.2,123.45363502140887,148.81293253235094
349,2024-06-19,204.0,321.0,246.0,7433,198.0,2,19,6,2,2024,25,0,48.0,0.8048780487804879,7340.0,7548.0,7691.0,7474.0,253.0,274.0,291.0,214.0,212.0,198.0,7388.4,7461.4,100.15637773002386,130.8325477683013
350,2024-06-20,145.0,247.0,243.0,7431,235.0,3,20,6,2,2024,25,0,8.0,0.9670781893004116,7433.0,7544.0,7741.0,7494.0,246.0,230.0,282.0,198.0,259.0,238.0,7365.8,7430.4,61.593019084951486,86.40498956780026
351,2024-06-23,102.0,227.0,201.0,7247,294.0,6,23,6,2,2024,25,1,-93.0,1.462686567164179,,7307.0,7451.0,,,233.0,166.0,,294.0,312.0,7353.8,7410.0,79.23193800481722,103.40964923809153
352,2024-06-24,116.0,175.0,172.0,7239,202.0,0,24,6,2,2024,26,0,-30.0,1.1744186046511629,7247.0,7318.0,7439.0,7365.0,201.0,272.0,229.0,294.0,224.0,212.0,7338.0,7390.0,94.55157322857828,115.77852420313693
353,2024-06-25,172.0,263.0,191.0,7239,202.0,1,25,6,2,2024,26,0,-11.0,1.057591623036649,7239.0,7340.0,7493.0,7418.0,172.0,253.0,224.0,202.0,214.0,156.0,7317.8,7364.6,104.30340358779863,118.50100796566552
354,2024-06-26,132.0,235.0,197.0,7268,187.0,2,26,6,2,2024,26,0,10.0,0.949238578680203,7239.0,7433.0,7548.0,7491.0,191.0,246.0,274.0,202.0,198.0,212.0,7284.8,7336.6,82.58450217806735,102.32757855692326
355,2024-06-27,174.0,208.0,256.0,7248,268.0,3,27,6,2,2024,26,0,-12.0,1.046875,7268.0,7431.0,7544.0,7563.0,197.0,243.0,230.0,187.0,235.0,259.0,7248.2,7307.0,11.861703081734074,74.76778866739572
356,2024-06-30,123.0,230.0,167.0,6874,273.0,6,30,6,2,2024,26,1,-106.0,1.6347305389221556,,7247.0,7307.0,7546.0,,201.0,233.0,,294.0,294.0,7173.6,7263.7,167.89967242374018,156.01000680152728
357,2024-07-01,123.0,233.0,159.0,6825,229.0,0,1,7,3,2024,27,0,-70.0,1.440251572327044,6874.0,7239.0,7318.0,7596.0,167.0,172.0,272.0,273.0,202.0,224.0,7090.8,7214.4,221.20510844010653,206.62806091028924
358,2024-07-02,141.0,232.0,188.0,6823,184.0,1,2,7,3,2024,27,0,4.0,0.9787234042553191,6825.0,7239.0,7340.0,7565.0,159.0,191.0,253.0,229.0,202.0,214.0,7007.6,7162.7,229.60248256497428,234.50801928953737
359,2024-07-04,158.0,226.0,191.0,6790,225.0,3,4,7,3,2024,27,0,-34.0,1.1780104712041886,,7248.0,7431.0,7741.0,,256.0,243.0,,268.0,235.0,6828.0,7061.444444444444,34.61213659974152,222.63485301670153
360,2024-07-07,96.0,160.0,233.0,6599,213.0,6,7,7,3,2024,27,1,20.0,0.9141630901287554,,6874.0,7247.0,7451.0,,167.0,201.0,,273.0,294.0,6759.25,6989.444444444444,108.03201685919713,257.22029036949795
361,2024-07-08,141.0,173.0,129.0,6617,123.0,0,8,7,3,2024,28,0,6.0,0.9534883720930233,6599.0,6825.0,7239.0,7439.0,233.0,159.0,172.0,213.0,229.0,202.0,6707.25,6920.333333333333,115.62691439856252,265.22349066399
362,2024-07-09,116.0,181.0,182.0,6651,130.0,1,9,7,3,2024,28,0,52.0,0.7142857142857143,6617.0,6823.0,7239.0,7493.0,129.0,188.0,191.0,123.0,184.0,202.0,6664.25,6855.0,86.56163507389316,248.82825402271357
363,2024-07-10,150.0,157.0,201.0,6649,177.0,2,10,7,3,2024,28,0,24.0,0.8805970149253731,6651.0,,7268.0,7548.0,182.0,,197.0,130.0,,187.0,6661.2,6786.222222222223,75.27416555498563,201.4378178109489
364,2024-07-11,80.0,176.0,125.0,6640,197.0,3,11,7,3,2024,28,0,-72.0,1.576,6649.0,6790.0,7248.0,7544.0,201.0,191.0,256.0,177.0,225.0,268.0,6631.2,6718.666666666667,22.4988888614389,107.05489246173238
365,2024-07-14,116.0,188.0,164.0,6308,237.0,6,14,7,3,2024,28,1,-73.0,1.4451219512195121,,6599.0,6874.0,7307.0,,233.0,167.0,,213.0,273.0,6573.0,6655.777777777777,148.7531512271232,158.3546476881496
366,2024-07-15,105.0,185.0,158.0,6283,171.0,0,15,7,3,2024,29,0,-13.0,1.0822784810126582,6308.0,6617.0,6825.0,7318.0,164.0,129.0,159.0,237.0,123.0,229.0,6506.2,6595.555555555556,192.58945973235237,186.51280861584743
367,2024-07-16,136.0,246.0,123.0,6239,173.0,1,16,7,3,2024,29,0,-50.0,1.4065040650406504,6283.0,6651.0,6823.0,7340.0,158.0,182.0,188.0,171.0,130.0,184.0,6423.8,6530.666666666667,203.00418714893388,198.68379400442907
368,2024-07-17,128.0,228.0,177.0,6228,187.0,2,17,7,3,2024,29,0,-10.0,1.0564971751412429,6239.0,6649.0,,7433.0,123.0,201.0,,173.0,177.0,,6339.6,6500.4,171.03888446782912,210.35641711680066
369,2024-07-21,90.0,196.0,205.0,6058,262.0,6,21,7,3,2024,29,1,-57.0,1.278048780487805,,6308.0,6599.0,7247.0,,164.0,233.0,,237.0,213.0,6202.0,6408.111111111111,98.8972530794759,230.1415023656233
370,2024-07-22,102.0,189.0,155.0,6002,234.0,0,22,7,3,2024,30,0,-79.0,1.5096774193548388,6058.0,6283.0,6617.0,7239.0,205.0,158.0,129.0,262.0,171.0,123.0,6131.75,6339.777777777777,119.77861523104158,250.74577652363314
371,2024-07-23,120.0,257.0,126.0,5965,170.0,1,23,7,3,2024,30,0,-44.0,1.3492063492063493,6002.0,6239.0,6651.0,7239.0,155.0,123.0,182.0,234.0,173.0,130.0,6063.25,6263.555555555556,116.29667521759126,248.57046843455356
372,2024-07-24,137.0,272.0,166.0,5927,177.0,2,24,7,3,2024,30,0,-11.0,1.0662650602409638,5965.0,6228.0,6649.0,7268.0,126.0,177.0,201.0,170.0,187.0,177.0,5988.0,6183.333333333333,55.81517117534038,223.90846343985282
373,2024-07-25,93.0,198.0,208.0,5954,194.0,3,25,7,3,2024,30,0,14.0,0.9326923076923077,5927.0,,6640.0,7248.0,166.0,,125.0,177.0,,197.0,5981.2,6107.111111111111,50.67247773692746,155.25820787033226
374,2024-07-28,152.0,290.0,199.0,5743,207.0,6,28,7,3,2024,30,1,-8.0,1.0402010050251256,,6058.0,6308.0,6874.0,,205.0,164.0,,262.0,237.0,5918.2,6044.333333333333,101.5711573233238,176.63238661127926
375,2024-07-29,114.0,210.0,219.0,5819,163.0,0,29,7,3,2024,31,0,56.0,0.7442922374429224,5743.0,6002.0,6283.0,6825.0,199.0,155.0,158.0,207.0,234.0,171.0,5881.6,5992.777777777777,96.6788498069738,165.63648283044725
376,2024-07-30,125.0,203.0,208.0,5930,92.0,1,30,7,3,2024,31,0,116.0,0.4423076923076923,5819.0,5965.0,6239.0,6823.0,219.0,126.0,123.0,163.0,170.0,173.0,5874.6,5958.444444444444,90.17926590962803,137.92671161807093
377,2024-07-31,140.0,261.0,163.0,5963,154.0,2,31,7,3,2024,31,0,9.0,0.9447852760736196,5930.0,5927.0,6228.0,,208.0,166.0,177.0,92.0,177.0,187.0,5881.8,5929.0,96.6162512210001,94.70216470597087
378,2024-08-01,227.0,298.0,212.0,6016,169.0,3,1,8,3,2024,31,0,43.0,0.7971698113207547,5963.0,5954.0,,6790.0,163.0,208.0,,154.0,194.0,,5894.2,5937.7,111.09320411258022,93.42858235035547
379,2024-08-04,63.0,167.0,143.0,5943,170.0,6,4,8,3,2024,31,1,-27.0,1.1888111888111887,,5743.0,6058.0,6599.0,,199.0,205.0,,207.0,262.0,5934.2,5926.2,72.26133129135819,83.52883733576004
380,2024-08-05,172.0,259.0,138.0,5950,150.0,0,5,8,3,2024,32,0,-12.0,1.0869565217391304,5943.0,5819.0,6002.0,6617.0,143.0,219.0,155.0,170.0,163.0,234.0,5960.4,5921.0,33.29113996244988,79.82202425115996
381,2024-08-06,163.0,283.0,200.0,5998,143.0,1,6,8,3,2024,32,0,57.0,0.715,5950.0,5930.0,5965.0,6651.0,138.0,208.0,126.0,150.0,92.0,170.0,5974.0,5924.3,31.614869919065477,82.4810415927165
382,2024-08-07,135.0,273.0,207.0,6038,174.0,2,7,8,3,2024,32,0,33.0,0.8405797101449275,5998.0,5963.0,5927.0,6649.0,200.0,163.0,166.0,143.0,154.0,177.0,5989.0,5935.4,41.37632173114753,90.01012288748089
383,2024-08-08,119.0,230.0,213.0,6084,174.0,3,8,8,3,2024,32,0,39.0,0.8169014084507042,6038.0,6016.0,5954.0,6640.0,207.0,212.0,208.0,174.0,169.0,194.0,6002.6,5948.4,59.62214353744271,101.63245325954071
384,2024-08-11,95.0,211.0,140.0,5894,249.0,6,11,8,3,2024,32,1,-109.0,1.7785714285714285,,5943.0,5743.0,6308.0,,143.0,199.0,,170.0,207.0,5992.8,5963.5,74.12961621376049,75.61047840373448
385,2024-08-12,109.0,219.0,155.0,5903,148.0,0,12,8,3,2024,33,0,7.0,0.9548387096774194,5894.0,5950.0,5819.0,6283.0,140.0,138.0,219.0,249.0,150.0,163.0,5983.4,5971.9,83.32346608248729,61.034507543751516
386,2024-08-13,162.0,239.0,189.0,5981,123.0,1,13,8,3,2024,33,0,66.0,0.6507936507936508,5903.0,5998.0,5930.0,6239.0,155.0,200.0,208.0,148.0,143.0,92.0,5980.0,5977.0,82.92466460589037,59.249003742186254
387,2024-08-14,109.0,226.0,191.0,5987,178.0,2,14,8,3,2024,33,0,13.0,0.9319371727748691,5981.0,6038.0,5963.0,6228.0,189.0,207.0,163.0,123.0,174.0,154.0,5969.8,5979.4,76.92658838138739,59.104803339279776
388,2024-08-15,124.0,241.0,156.0,5895,220.0,3,15,8,3,2024,33,0,-64.0,1.4102564102564104,5987.0,6084.0,6016.0,,191.0,213.0,212.0,178.0,174.0,169.0,5932.0,5967.3,47.64451699828022,63.0344702876259
389,2024-08-18,86.0,244.0,235.0,5821,178.0,6,18,8,3,2024,33,1,57.0,0.7574468085106383,,5894.0,5943.0,6058.0,,140.0,143.0,,249.0,170.0,5917.4,5955.1,68.72263091587371,78.23390853358647
390,2024-08-19,176.0,254.0,162.0,5865,158.0,0,19,8,3,2024,34,0,4.0,0.9753086419753086,5821.0,5903.0,5950.0,6002.0,235.0,155.0,138.0,178.0,148.0,150.0,5909.8,5946.6,72.69938101524252,83.30292778633232
391,2024-08-20,136.0,274.0,245.0,5995,112.0,1,20,8,3,2024,34,0,133.0,0.45714285714285713,5865.0,5981.0,5998.0,5965.0,162.0,189.0,200.0,158.0,123.0,143.0,5912.6,5946.3,76.30727357204817,83.1024133891924
392,2024-08-21,134.0,245.0,167.0,6028,156.0,2,21,8,3,2024,34,0,11.0,0.9341317365269461,5995.0,5987.0,6038.0,5927.0,245.0,191.0,207.0,112.0,178.0,174.0,5920.8,5945.3,87.65956878743702,81.92822061616161
393,2024-08-22,182.0,307.0,205.0,6054,171.0,3,22,8,3,2024,34,0,34.0,0.8341463414634146,6028.0,5895.0,6084.0,5954.0,167.0,156.0,213.0,156.0,220.0,174.0,5952.6,5942.3,103.38907098914947,76.66528984269075
394,2024-08-27,149.0,285.0,222.0,6152,97.0,1,27,8,3,2024,35,0,125.0,0.4369369369369369,,5995.0,5981.0,5930.0,,245.0,189.0,,112.0,123.0,6078.0,5974.625,65.39113089707752,108.98091248338199
395,2024-08-28,170.0,285.0,178.0,6227,134.0,2,28,8,3,2024,35,0,44.0,0.7528089887640449,6152.0,6028.0,5987.0,5963.0,222.0,167.0,191.0,97.0,156.0,178.0,6144.333333333333,6004.625,86.75444272964975,141.15739695206193
396,2024-08-29,145.0,295.0,188.0,6250,169.0,3,29,8,3,2024,35,0,19.0,0.898936170212766,6227.0,6054.0,5895.0,6016.0,178.0,205.0,156.0,134.0,171.0,220.0,6209.666666666667,6049.0,51.247764178860415,156.71448105208663
397,2024-09-02,133.0,270.0,198.0,6192,129.0,0,2,9,3,2024,36,0,69.0,0.6515151515151515,,,5865.0,5950.0,,,162.0,,,158.0,6205.25,6128.285714285715,42.76583527380049,102.07956747181959
398,2024-09-03,131.0,263.0,177.0,6272,112.0,1,3,9,3,2024,36,0,65.0,0.632768361581921,6192.0,6152.0,5995.0,5998.0,198.0,222.0,245.0,129.0,97.0,112.0,6235.25,6167.857142857143,34.18942331578347,95.26179467029402
399,2024-09-04,121.0,231.0,219.0,6375,114.0,2,4,9,3,2024,36,0,105.0,0.5205479452054794,6272.0,6227.0,6028.0,6038.0,177.0,178.0,167.0,112.0,134.0,156.0,6272.25,6217.428571428572,76.36043914662774,100.49520244410436
400,2024-09-05,126.0,230.0,175.0,6448,121.0,3,5,9,3,2024,36,0,54.0,0.6914285714285714,6375.0,6250.0,6054.0,6084.0,219.0,188.0,205.0,114.0,169.0,171.0,6321.75,6273.714285714285,112.67172079393224,103.98191234649406
401,2024-09-08,123.0,255.0,164.0,6312,221.0,6,8,9,3,2024,36,1,-57.0,1.3475609756097562,,,,5894.0,,,,,,,6319.8,6278.5,97.67394739642383,97.21551904327627
402,2024-09-09,144.0,275.0,190.0,6353,141.0,0,9,9,3,2024,37,0,49.0,0.7421052631578947,6312.0,6192.0,,5903.0,164.0,198.0,,221.0,129.0,,6352.0,6286.777777777777,66.60705668320257,94.26661362561698
403,2024-09-10,131.0,251.0,180.0,6396,148.0,1,10,9,3,2024,37,0,32.0,0.8222222222222222,6353.0,6272.0,6152.0,5981.0,190.0,177.0,222.0,141.0,112.0,97.0,6376.8,6313.888888888889,50.514354395551365,85.32210212546357
404,2024-09-11,93.0,248.0,175.0,6410,162.0,2,11,9,3,2024,37,0,13.0,0.9257142857142857,6396.0,6375.0,6227.0,5987.0,180.0,219.0,178.0,148.0,114.0,134.0,6383.8,6334.222222222223,52.58516901179797,83.81941567704565
405,2024-09-12,184.0,280.0,210.0,6360,220.0,3,12,9,3,2024,37,0,-10.0,1.0476190476190477,6410.0,6448.0,6250.0,5895.0,175.0,175.0,188.0,162.0,121.0,169.0,6366.2,6346.444444444444,38.590154184705725,77.80763315880195
406,2024-09-13,81.0,200.0,212.0,6326,279.0,4,13,9,3,2024,37,0,-67.0,1.3160377358490567,6360.0,,,,210.0,,,220.0,,,6359.5,6344.4,38.21910517005189,73.64207734408919
407,2024-09-15,98.0,220.0,167.0,6234,210.0,6,15,9,3,2024,37,1,-43.0,1.2574850299401197,,6312.0,,5821.0,,164.0,,,221.0,,6346.5,6334.363636363636,62.90230520417744,77.38768988315952
408,2024-09-16,113.0,209.0,160.0,6229,164.0,0,16,9,3,2024,38,0,-4.0,1.025,6234.0,6353.0,6192.0,5865.0,167.0,190.0,198.0,210.0,141.0,129.0,6325.833333333333,6337.727272727273,78.72081469767791,71.132398960078
409,2024-09-17,159.0,304.0,139.0,6227,160.0,1,17,9,3,2024,38,0,-21.0,1.1510791366906474,6229.0,6396.0,6272.0,5995.0,160.0,180.0,177.0,164.0,148.0,112.0,6297.666666666667,6333.636363636364,78.82808298231099,76.39014691340805
410,2024-09-18,116.0,213.0,217.0,6245,149.0,2,18,9,3,2024,38,0,68.0,0.6866359447004609,6227.0,6410.0,6375.0,6028.0,139.0,175.0,219.0,160.0,162.0,114.0,6270.166666666667,6321.818181818182,57.769946050399405,79.3496290877351
411,2024-09-19,93.0,196.0,169.0,6270,188.0,3,19,9,3,2024,38,0,-19.0,1.1124260355029585,6245.0,6360.0,6448.0,6054.0,217.0,210.0,175.0,149.0,220.0,121.0,6255.166666666667,6305.636363636364,38.12304639802583,68.44453627172891
412,2024-09-22,124.0,234.0,161.0,5989,197.0,6,22,9,3,2024,38,1,-36.0,1.2236024844720497,,6234.0,6312.0,,,167.0,164.0,,210.0,221.0,6192.0,6276.272727272727,114.77804668140627,117.29457865483634
413,2024-09-23,92.0,203.0,173.0,6002,165.0,0,23,9,3,2024,39,0,8.0,0.953757225433526,5989.0,6229.0,6353.0,,161.0,160.0,190.0,197.0,164.0,141.0,6146.6,6244.363636363636,138.85351994097593,139.89944440723082
414,2024-09-24,186.0,259.0,172.0,6023,143.0,1,24,9,3,2024,39,0,29.0,0.8313953488372093,6002.0,6227.0,6396.0,6152.0,173.0,139.0,180.0,165.0,160.0,148.0,6105.8,6210.454545454545,139.29357486976537,144.5955487809703
415,2024-09-25,154.0,225.0,220.0,6050,169.0,2,25,9,3,2024,39,0,51.0,0.7681818181818182,6023.0,6245.0,6410.0,6227.0,172.0,217.0,175.0,143.0,149.0,162.0,6066.8,6177.727272727273,115.91246697400094,135.3603272078466
416,2024-09-26,91.0,199.0,172.0,6090,185.0,3,26,9,3,2024,39,0,-13.0,1.0755813953488371,6050.0,6270.0,6360.0,6250.0,220.0,169.0,210.0,169.0,188.0,220.0,6030.8,6153.181818181818,40.34476422038914,122.91038864294859
417,2024-09-29,81.0,213.0,153.0,5925,177.0,6,29,9,3,2024,39,1,-24.0,1.1568627450980393,,5989.0,6234.0,,,161.0,167.0,,197.0,210.0,6018.0,6105.0,61.51828996321958,126.28187166457249
418,2024-09-30,209.0,285.0,184.0,5967,138.0,0,30,9,3,2024,40,0,46.0,0.75,5925.0,6002.0,6229.0,6192.0,153.0,173.0,160.0,177.0,165.0,164.0,6011.0,6078.8,65.64678209934398,124.86775226435303
419,2024-10-01,184.0,314.0,217.0,6040,137.0,1,1,10,4,2024,40,0,80.0,0.631336405529954,5967.0,6023.0,6227.0,6272.0,184.0,172.0,139.0,138.0,143.0,160.0,6014.4,6060.1,66.85282342578174,113.7115747064405
420,2024-10-02,107.0,215.0,230.0,6091,173.0,2,2,10,4,2024,40,0,57.0,0.7521739130434782,6040.0,6050.0,6245.0,6375.0,217.0,220.0,217.0,137.0,169.0,149.0,6022.6,6044.7,74.39959677309238,94.7324302091392
421,2024-10-03,101.0,162.0,178.0,6118,193.0,3,3,10,4,2024,40,0,-15.0,1.0842696629213484,6091.0,6090.0,6270.0,6448.0,230.0,172.0,169.0,173.0,185.0,188.0,6028.2,6029.5,81.45980603953555,60.61765419410439
422,2024-10-07,99.0,190.0,176.0,5968,153.0,0,7,10,4,2024,41,0,23.0,0.8693181818181818,,5967.0,6002.0,6353.0,,184.0,173.0,,138.0,165.0,6054.25,6030.222222222223,65.97158479222963,65.62350527394874
423,2024-10-08,167.0,239.0,166.0,6013,123.0,1,8,10,4,2024,41,0,43.0,0.7409638554216867,5968.0,6040.0,6023.0,6396.0,176.0,217.0,172.0,153.0,137.0,143.0,6047.5,6029.111111111111,69.21704992267688,65.84535755166526
424,2024-10-09,115.0,216.0,169.0,6047,137.0,2,9,10,4,2024,41,0,32.0,0.8106508875739645,6013.0,6091.0,6050.0,6410.0,166.0,230.0,220.0,123.0,173.0,169.0,6036.5,6028.777777777777,63.23764701503641,65.7338911402632
425,2024-10-10,84.0,158.0,193.0,6075,159.0,3,10,10,4,2024,41,0,34.0,0.8238341968911918,6047.0,6118.0,6090.0,6360.0,169.0,178.0,172.0,137.0,193.0,185.0,6025.75,6027.111111111111,46.096818400677144,64.15887398565093
426,2024-10-13,130.0,227.0,192.0,5889,210.0,6,13,10,4,2024,41,1,-18.0,1.09375,,,5925.0,6234.0,,,153.0,,,177.0,5998.4,6023.111111111111,73.03286931237703,71.96777828380296
427,2024-10-14,88.0,214.0,160.0,5935,106.0,0,14,10,4,2024,42,0,54.0,0.6625,5889.0,5968.0,5967.0,6229.0,192.0,176.0,184.0,210.0,153.0,138.0,5991.8,6019.555555555556,77.80231359027024,75.77616893043137
428,2024-10-15,113.0,208.0,159.0,6013,107.0,1,15,10,4,2024,42,0,52.0,0.6729559748427673,5935.0,6013.0,6040.0,6227.0,160.0,166.0,217.0,106.0,123.0,137.0,5991.8,6016.555555555556,77.80231359027024,75.39912318968479
429,2024-10-16,174.0,285.0,150.0,6036,129.0,2,16,10,4,2024,42,0,21.0,0.86,6013.0,6047.0,6091.0,6245.0,159.0,169.0,230.0,107.0,137.0,173.0,5989.6,6010.444444444444,75.98552493731123,70.69319470623208
430,2024-10-17,104.0,230.0,206.0,6076,160.0,3,17,10,4,2024,42,0,46.0,0.7766990291262136,6036.0,6075.0,6118.0,6270.0,150.0,193.0,178.0,129.0,159.0,193.0,5989.8,6005.777777777777,76.2672931209621,63.75103484995268
431,2024-10-20,147.0,276.0,214.0,5918,195.0,6,20,10,4,2024,42,1,19.0,0.9112149532710281,,5889.0,,5989.0,,192.0,,,210.0,,5995.6,5997.0,67.25548304784343,66.20506862096765
432,2024-10-21,108.0,220.0,213.0,5966,154.0,0,21,10,4,2024,43,0,59.0,0.7230046948356808,5918.0,5935.0,5968.0,6002.0,214.0,160.0,176.0,195.0,106.0,153.0,6001.8,5996.8,61.45079332277778,66.30535423324365
433,2024-10-22,180.0,280.0,146.0,6043,109.0,1,22,10,4,2024,43,0,37.0,0.7465753424657534,5966.0,6013.0,6013.0,6023.0,213.0,159.0,166.0,154.0,107.0,123.0,6007.8,5999.8,64.2199345997701,67.78200351122658
434,2024-10-23,134.0,294.0,186.0,6077,138.0,2,23,10,4,2024,43,0,48.0,0.7419354838709677,6043.0,6036.0,6047.0,6050.0,146.0,150.0,169.0,109.0,129.0,137.0,6016.0,6002.8,70.98239218284172,70.70407814732195
435,2024-10-27,202.0,313.0,158.0,5974,192.0,6,27,10,4,2024,43,1,-34.0,1.2151898734177216,,5918.0,5889.0,5925.0,,214.0,192.0,,195.0,210.0,6015.0,6004.222222222223,53.88258840601167,58.77877545883286
436,2024-10-28,110.0,272.0,193.0,6008,156.0,0,28,10,4,2024,44,0,37.0,0.8082901554404145,5974.0,5966.0,5935.0,5967.0,158.0,213.0,160.0,192.0,154.0,106.0,6025.5,6012.333333333333,44.41095960831815,52.761254723475744
437,2024-10-29,166.0,277.0,229.0,6106,126.0,1,29,10,4,2024,44,0,103.0,0.5502183406113537,6008.0,6043.0,6013.0,6040.0,193.0,146.0,159.0,156.0,109.0,107.0,6041.25,6022.666666666667,60.82420022763688,61.32087735833162
438,2024-10-30,136.0,276.0,178.0,6149,160.0,2,30,10,4,2024,44,0,18.0,0.898876404494382,6106.0,6077.0,6036.0,6091.0,229.0,186.0,150.0,126.0,138.0,129.0,6059.25,6035.222222222223,81.92425363304609,74.53653093913118
439,2024-10-31,87.0,246.0,173.0,6148,177.0,3,31,10,4,2024,44,0,-4.0,1.023121387283237,6149.0,,6076.0,6118.0,178.0,,206.0,160.0,,160.0,6077.0,6043.222222222223,81.29575634680293,82.85948614636771
440,2024-11-03,84.0,171.0,157.0,5990,184.0,6,3,11,4,2024,44,1,-27.0,1.1719745222929936,,5974.0,5918.0,,,158.0,214.0,,192.0,195.0,6080.2,6051.222222222223,76.3950260160879,72.02565129480014
441,2024-11-04,167.0,209.0,157.0,6007,132.0,0,4,11,4,2024,45,0,25.0,0.8407643312101911,5990.0,6008.0,5966.0,5968.0,157.0,193.0,213.0,184.0,156.0,154.0,6080.0,6055.777777777777,76.63223864666064,67.08907842890801
442,2024-11-05,109.0,245.0,159.0,6045,126.0,1,5,11,4,2024,45,0,33.0,0.7924528301886793,6007.0,6106.0,6043.0,6013.0,157.0,229.0,146.0,132.0,126.0,109.0,6067.8,6056.0,76.31317055396632,67.04476116741506
443,2024-11-06,156.0,256.0,176.0,6086,137.0,2,6,11,4,2024,45,0,39.0,0.7784090909090909,6045.0,6149.0,6077.0,6047.0,159.0,178.0,186.0,126.0,160.0,138.0,6055.2,6057.0,63.715775126720054,67.46295279629948
444,2024-11-07,125.0,232.0,192.0,6084,177.0,3,7,11,4,2024,45,0,15.0,0.921875,6086.0,6148.0,,6075.0,176.0,173.0,,137.0,177.0,,6042.4,6059.7,43.69553752957797,64.17519423852005
445,2024-11-11,118.0,139.0,168.0,5963,145.0,0,11,11,4,2024,46,0,23.0,0.8630952380952381,,6007.0,6008.0,5935.0,,157.0,193.0,,132.0,156.0,6044.5,6064.222222222223,57.51811308911035,67.28257162475455
446,2024-11-12,142.0,235.0,139.0,5975,138.0,1,12,11,4,2024,46,0,1.0,0.9928057553956835,5963.0,6045.0,6106.0,6013.0,168.0,159.0,229.0,145.0,126.0,126.0,6027.0,6049.666666666667,67.15653356151097,71.1723260825138
447,2024-11-13,148.0,245.0,175.0,5966,151.0,2,13,11,4,2024,46,0,24.0,0.8628571428571429,5975.0,6086.0,6149.0,6036.0,139.0,176.0,178.0,138.0,137.0,160.0,5997.0,6029.333333333333,58.22370651202429,65.13063795170079
448,2024-11-14,119.0,219.0,210.0,6025,172.0,3,14,11,4,2024,46,0,38.0,0.819047619047619,5966.0,6084.0,6148.0,6076.0,175.0,192.0,173.0,151.0,177.0,177.0,5982.25,6015.666666666667,28.95254738357818,47.68647607021756
449,2024-11-17,105.0,210.0,149.0,5816,195.0,6,17,11,4,2024,46,1,-46.0,1.308724832214765,,,5990.0,5918.0,,,157.0,,,184.0,5949.0,5996.333333333333,78.46336724866423,82.18576519078773
450,2024-11-18,143.0,203.0,163.0,5819,138.0,0,18,11,4,2024,47,0,25.0,0.8466257668711656,5816.0,5963.0,6007.0,5966.0,149.0,168.0,157.0,195.0,145.0,132.0,5920.2,5975.444444444444,96.41421057084246,100.89736259076811
451,2024-11-19,119.0,209.0,152.0,5844,146.0,1,19,11,4,2024,47,0,6.0,0.9605263157894737,5819.0,5975.0,6045.0,6043.0,163.0,139.0,159.0,138.0,138.0,126.0,5894.0,5953.111111111111,95.59550198622709,105.70766817552123
452,2024-11-20,155.0,212.0,181.0,5879,148.0,2,20,11,4,2024,47,0,33.0,0.8176795580110497,5844.0,5966.0,6086.0,6077.0,152.0,175.0,176.0,146.0,151.0,137.0,5876.6,5930.111111111111,86.7196632834719,95.17410945790841
453,2024-11-21,109.0,214.0,173.0,5850,210.0,3,21,11,4,2024,47,0,-37.0,1.2138728323699421,5879.0,6025.0,6084.0,,181.0,210.0,192.0,148.0,172.0,177.0,5841.6,5904.111111111111,25.696303236044717,78.35567057402889
454,2024-11-24,191.0,283.0,192.0,5664,207.0,6,24,11,4,2024,47,1,-15.0,1.078125,,5816.0,,5974.0,,149.0,,,195.0,,5811.2,5880.1,85.00999941182656,105.93756022611488
455,2024-11-25,170.0,297.0,196.0,5715,129.0,0,25,11,4,2024,48,0,67.0,0.6581632653061225,5664.0,5819.0,5963.0,6008.0,192.0,163.0,168.0,207.0,138.0,145.0,5790.4,5855.3,94.78554742152805,113.15677423623572
456,2024-11-26,152.0,272.0,214.0,5826,112.0,1,26,11,4,2024,48,0,102.0,0.5233644859813084,5715.0,5844.0,5975.0,6106.0,196.0,152.0,139.0,129.0,146.0,138.0,5786.8,5840.4,92.55646924985165,105.17202838944539
457,2024-11-27,239.0,367.0,224.0,5862,211.0,2,27,11,4,2024,48,0,13.0,0.9419642857142857,5826.0,5879.0,5966.0,6149.0,214.0,181.0,175.0,112.0,148.0,151.0,5783.4,5830.0,88.5482919089846,96.12491872555566
458,2024-11-28,113.0,280.0,237.0,5963,143.0,3,28,11,4,2024,48,0,94.0,0.6033755274261603,5862.0,5850.0,6025.0,6148.0,224.0,173.0,210.0,211.0,210.0,172.0,5806.0,5823.8,118.98529320886148,83.29305693350413
459,2024-12-01,196.0,306.0,187.0,5986,149.0,6,1,12,4,2024,48,1,38.0,0.7967914438502673,,5664.0,5816.0,5990.0,,192.0,149.0,,207.0,195.0,5870.4,5840.8,109.69184108218236,97.63742451878497
460,2024-12-02,236.0,330.0,222.0,6061,115.0,0,2,12,4,2024,49,0,107.0,0.5180180180180181,5986.0,5715.0,5819.0,6007.0,187.0,196.0,163.0,149.0,129.0,138.0,5939.6,5865.0,95.34830884708315,119.23552788957691
461,2024-12-03,81.0,230.0,242.0,6192,107.0,1,3,12,4,2024,49,0,135.0,0.44214876033057854,6061.0,5826.0,5844.0,6045.0,222.0,214.0,152.0,115.0,112.0,146.0,6012.8,5899.8,122.85642026365058,157.17350639056934
462,2024-12-04,118.0,245.0,160.0,6269,115.0,2,4,12,4,2024,49,0,45.0,0.71875,6192.0,5862.0,5879.0,6086.0,242.0,224.0,181.0,107.0,211.0,148.0,6094.2,5938.8,132.4224301242004,195.21998986896799
463,2024-12-05,218.0,283.0,208.0,6310,150.0,3,5,12,4,2024,49,0,58.0,0.7211538461538461,6269.0,5963.0,5850.0,6084.0,160.0,237.0,173.0,115.0,143.0,210.0,6163.6,5984.8,137.3109609608742,224.03908389186697
464,2024-12-08,132.0,243.0,183.0,6286,172.0,6,8,12,4,2024,49,1,11.0,0.9398907103825137,,5986.0,5664.0,,,187.0,192.0,,149.0,207.0,6223.6,6047.0,101.06582013716948,211.0455453740225
465,2024-12-09,224.0,315.0,152.0,6268,174.0,0,9,12,4,2024,50,0,-22.0,1.144736842105263,6286.0,6061.0,5715.0,5963.0,183.0,222.0,196.0,172.0,115.0,129.0,6265.0,6102.3,44.21538193885329,185.26200665842933
466,2024-12-10,167.0,326.0,213.0,6310,149.0,1,10,12,4,2024,50,0,64.0,0.6995305164319249,6268.0,6192.0,5826.0,5975.0,152.0,242.0,214.0,174.0,107.0,112.0,6288.6,6150.7,20.803845798281422,167.4216566370918
467,2024-12-11,209.0,353.0,232.0,6402,152.0,2,11,12,4,2024,50,0,80.0,0.6551724137931034,6310.0,6269.0,5862.0,5966.0,213.0,160.0,224.0,149.0,115.0,211.0,6315.2,6204.7,51.64494166904126,150.1532920421947
468,2024-12-12,153.0,253.0,286.0,6481,194.0,3,12,12,4,2024,50,0,92.0,0.6783216783216783,6402.0,6310.0,5963.0,6025.0,232.0,208.0,237.0,152.0,150.0,143.0,6349.4,6256.5,89.83763131337942,146.81980641437116
469,2024-12-15,180.0,337.0,219.0,6408,224.0,6,15,12,4,2024,50,1,-5.0,1.0228310502283104,,6286.0,5986.0,5816.0,,183.0,187.0,,172.0,149.0,6373.8,6298.7,84.73606080057472,118.31131250503854
470,2024-12-16,133.0,287.0,189.0,6454,149.0,0,16,12,4,2024,51,0,40.0,0.7883597883597884,6408.0,6268.0,6061.0,5819.0,219.0,152.0,222.0,224.0,174.0,115.0,6411.0,6338.0,65.26867548831284,93.18440498995469
471,2024-12-17,187.0,310.0,247.0,6506,151.0,1,17,12,4,2024,51,0,96.0,0.611336032388664,6454.0,6310.0,6192.0,5844.0,189.0,213.0,242.0,149.0,149.0,107.0,6450.2,6369.4,45.22388749321195,91.4077555668916
472,2024-12-18,168.0,285.0,210.0,6598,134.0,2,18,12,4,2024,51,0,76.0,0.638095238095238,6506.0,6402.0,6269.0,5879.0,247.0,232.0,160.0,151.0,152.0,115.0,6489.4,6402.3,70.74461110218012,108.80773052601248
473,2024-12-19,269.0,412.0,204.0,6600,238.0,3,19,12,4,2024,51,0,-34.0,1.1666666666666667,6598.0,6481.0,6310.0,5850.0,210.0,286.0,208.0,134.0,194.0,150.0,6513.2,6431.3,85.65745735193588,119.5863704608489
474,2024-12-22,100.0,255.0,236.0,6595,268.0,6,22,12,4,2024,51,1,-32.0,1.1355932203389831,,6408.0,6286.0,5664.0,,219.0,183.0,,224.0,172.0,6550.6,6462.2,67.04326960999676,117.77832284989037
475,2024-12-23,205.0,294.0,177.0,6548,231.0,0,23,12,4,2024,52,0,-54.0,1.305084745762712,6595.0,6454.0,6268.0,5715.0,236.0,189.0,152.0,268.0,149.0,174.0,6569.4,6490.2,41.49457795903822,98.12327847038992
476,2024-12-24,161.0,304.0,211.0,6622,155.0,1,24,12,4,2024,52,0,56.0,0.7345971563981043,6548.0,6506.0,6310.0,5826.0,177.0,247.0,213.0,231.0,151.0,149.0,6592.6,6521.4,27.125633633128356,82.87768765543163
477,2024-12-25,57.0,162.0,193.0,6689,107.0,2,25,12,4,2024,52,0,86.0,0.5544041450777202,6622.0,6598.0,6402.0,5862.0,211.0,210.0,232.0,155.0,134.0,152.0,6610.8,6550.1,51.35854359304496,86.5479314856506
478,2024-12-26,80.0,122.0,152.0,6707,135.0,3,26,12,4,2024,52,0,17.0,0.8881578947368421,6689.0,6600.0,6481.0,5963.0,193.0,204.0,286.0,107.0,238.0,194.0,6632.2,6572.7,65.95225545801071,95.53946246912602
479,2024-12-29,107.0,170.0,133.0,6465,216.0,6,29,12,4,2024,52,1,-83.0,1.6240601503759398,,6595.0,6408.0,5986.0,,236.0,219.0,,268.0,224.0,6606.2,6578.4,100.73579304298298,85.82825227679751
480,2024-12-30,99.0,156.0,139.0,6454,177.0,0,30,12,4,2024,1,0,-38.0,1.2733812949640289,6465.0,6548.0,6454.0,6061.0,133.0,177.0,189.0,216.0,231.0,149.0,6587.4,6578.4,121.03842365132935,85.82825227679751
481,2025-01-01,25.0,66.0,94.0,6405,144.0,2,1,1,1,2025,1,0,-50.0,1.5319148936170213,,6689.0,6598.0,6269.0,,193.0,210.0,,107.0,134.0,6507.75,6565.0,135.36955590776276,105.54856702011936
482,2025-01-02,35.0,70.0,53.0,6292,170.0,3,2,1,1,2025,1,0,-117.0,3.207547169811321,6405.0,6707.0,6600.0,6310.0,94.0,152.0,204.0,144.0,135.0,238.0,6404.0,6530.777777777777,79.09066527303676,137.78949322950803
483,2025-01-05,43.0,73.0,64.0,5882,185.0,6,5,1,1,2025,1,1,-121.0,2.890625,,6465.0,6595.0,6286.0,,133.0,236.0,,216.0,268.0,6258.25,6451.555555555556,259.84402372705233,253.02920340896816
484,2025-01-06,41.0,60.0,71.0,5769,190.0,0,6,1,1,2025,2,0,-119.0,2.676056338028169,5882.0,6454.0,6548.0,6268.0,64.0,139.0,177.0,185.0,177.0,231.0,6087.0,6365.0,308.92178082269453,335.6605428107363
485,2025-01-07,65.0,83.0,65.0,5703,133.0,1,7,1,1,2025,2,0,-68.0,2.046153846153846,5769.0,,6622.0,6310.0,71.0,,211.0,190.0,,155.0,6010.2,6262.888888888889,317.90832011760665,384.00828260743015
486,2025-01-08,38.0,80.0,82.0,5605,184.0,2,8,1,1,2025,2,0,-102.0,2.2439024390243905,5703.0,6405.0,6689.0,6402.0,65.0,94.0,193.0,133.0,144.0,107.0,5850.2,6142.444444444444,266.7315129488802,403.17245414062336
487,2025-01-09,56.0,82.0,68.0,5507,164.0,3,9,1,1,2025,2,0,-96.0,2.411764705882353,5605.0,6292.0,6707.0,6481.0,82.0,53.0,152.0,184.0,170.0,135.0,5693.2,6009.111111111111,144.85924202479663,391.38390502306646
488,2025-01-12,74.0,103.0,80.0,5092,235.0,6,12,1,1,2025,2,1,-155.0,2.9375,,5882.0,6465.0,6408.0,,64.0,133.0,,185.0,216.0,5535.2,5856.555555555556,266.8861180353871,454.0443566192291
489,2025-01-13,68.0,107.0,102.0,5019,181.0,0,13,1,1,2025,3,0,-79.0,1.7745098039215685,5092.0,5769.0,6454.0,6454.0,80.0,71.0,139.0,235.0,190.0,177.0,5385.2,5697.111111111111,309.92450693676767,469.7082723468912
490,2025-01-14,92.0,124.0,93.0,4957,139.0,1,14,1,1,2025,3,0,-46.0,1.4946236559139785,5019.0,5703.0,,6506.0,102.0,65.0,,181.0,133.0,,5236.0,5623.1,298.0218112823263,500.88753450471563
491,2025-01-15,113.0,162.0,107.0,4903,164.0,2,15,1,1,2025,3,0,-57.0,1.5327102803738317,4957.0,5605.0,6405.0,6598.0,93.0,82.0,94.0,139.0,184.0,144.0,5095.6,5472.9,240.5385623969648,464.2282604255868
492,2025-01-16,106.0,196.0,131.0,4881,159.0,3,16,1,1,2025,3,0,-28.0,1.213740458015267,4903.0,5507.0,6292.0,6600.0,107.0,68.0,53.0,164.0,164.0,170.0,4970.4,5331.8,86.40486097436053,397.19846704413277
493,2025-01-19,86.0,152.0,168.0,4628,176.0,6,19,1,1,2025,3,1,-8.0,1.0476190476190477,,5092.0,5882.0,6595.0,,80.0,64.0,,235.0,185.0,4877.6,5206.4,149.37804390203596,402.11419052578503
494,2025-01-20,84.0,118.0,136.0,4638,127.0,0,20,1,1,2025,4,0,9.0,0.9338235294117647,4628.0,5019.0,5769.0,6548.0,168.0,102.0,71.0,176.0,181.0,190.0,4801.4,5093.3,156.23475925669862,384.9828423305025
495,2025-01-21,59.0,64.0,117.0,4728,54.0,1,21,1,1,2025,4,0,63.0,0.46153846153846156,4638.0,4957.0,5703.0,6622.0,136.0,93.0,65.0,127.0,139.0,133.0,4755.6,4995.8,130.69544751060982,333.4255872338002
496,2025-01-22,62.0,97.0,52.0,4717,83.0,2,22,1,1,2025,4,0,-31.0,1.5961538461538463,4728.0,4903.0,5605.0,6689.0,117.0,107.0,82.0,54.0,164.0,184.0,4718.4,4907.0,101.45097338122775,264.21876457877966
497,2025-01-23,91.0,75.0,97.0,4621,174.0,3,23,1,1,2025,4,0,-77.0,1.7938144329896908,4717.0,4881.0,5507.0,6707.0,52.0,131.0,68.0,83.0,159.0,164.0,4666.4,4818.4,51.713634565736704,173.717650865426
498,2025-01-26,29.0,51.0,11.0,4241,182.0,6,26,1,1,2025,4,1,-171.0,16.545454545454547,,4628.0,5092.0,6465.0,,168.0,80.0,,176.0,235.0,4589.0,4733.3,200.14619656640633,225.515237228443
499,2025-01-27,33.0,53.0,34.0,4161,127.0,0,27,1,1,2025,5,0,-93.0,3.735294117647059,4241.0,4638.0,5019.0,6454.0,11.0,136.0,102.0,182.0,127.0,181.0,4493.6,4647.5,271.8047093043066,264.5752360965271
500,2025-01-28,32.0,49.0,39.0,4096,101.0,1,28,1,1,2025,5,0,-62.0,2.58974358974359,4161.0,4728.0,4957.0,,34.0,117.0,93.0,127.0,54.0,139.0,4367.2,4561.4,282.2980694230809,291.4009074949238
501,2025-01-29,32.0,50.0,39.0,4036,99.0,2,29,1,1,2025,5,0,-60.0,2.5384615384615383,4096.0,4717.0,4903.0,6405.0,39.0,52.0,107.0,101.0,83.0,164.0,4231.0,4474.7,230.9491285976169,307.03168493745153
502,2025-01-30,47.0,42.0,47.0,3923,159.0,3,30,1,1,2025,5,0,-112.0,3.382978723404255,4036.0,4621.0,4881.0,6292.0,39.0,97.0,131.0,99.0,174.0,159.0,4091.4,4378.9,121.11275737922321,315.5124403252169
503,2025-02-02,20.0,22.0,41.0,3483,168.0,6,2,2,1,2025,5,1,-127.0,4.097560975609756,,4241.0,4628.0,5882.0,,11.0,168.0,,182.0,176.0,3939.8,4264.4,269.9679610620464,408.9847049571178
504,2025-02-03,23.0,45.0,11.0,3403,102.0,0,3,2,1,2025,6,0,-91.0,9.272727272727273,3483.0,4161.0,4638.0,5769.0,41.0,34.0,136.0,168.0,127.0,127.0,3788.2,4140.9,322.42937211116265,466.1100132419539
505,2025-02-04,34.0,54.0,29.0,3359,74.0,1,4,2,1,2025,6,0,-45.0,2.5517241379310347,3403.0,4096.0,4728.0,5703.0,11.0,39.0,117.0,102.0,101.0,54.0,3640.8,4004.0,314.91300385979395,475.4637502247103
506,2025-02-05,26.0,36.0,36.0,3290,104.0,2,5,2,1,2025,6,0,-68.0,2.888888888888889,3359.0,4036.0,4717.0,5605.0,29.0,39.0,52.0,74.0,99.0,83.0,3491.6,3861.3,251.12506844199885,451.2188554964445
507,2025-02-06,25.0,32.0,27.0,3181,145.0,3,6,2,1,2025,6,0,-118.0,5.37037037037037,3290.0,3923.0,4621.0,5507.0,36.0,47.0,97.0,104.0,159.0,174.0,3343.2,3717.3,114.57399355874172,409.7004461256041
508,2025-02-09,15.0,13.0,23.0,2878,99.0,6,9,2,1,2025,6,1,-76.0,4.304347826086956,,3483.0,4241.0,5092.0,,41.0,11.0,,168.0,182.0,3222.2,3581.0,209.86352708367065,441.597604663347
509,2025-02-10,16.0,18.0,15.0,2834,63.0,0,10,2,1,2025,7,0,-48.0,4.2,2878.0,3403.0,4161.0,5019.0,23.0,11.0,34.0,99.0,102.0,127.0,3108.4,3448.3,239.49384125692785,447.2871436659543
510,2025-02-11,11.0,22.0,12.0,2799,50.0,1,11,2,1,2025,7,0,-38.0,4.166666666666667,2834.0,3359.0,4096.0,4957.0,15.0,29.0,39.0,63.0,74.0,101.0,2996.4,3318.6,223.40389432594628,426.1515640655477
511,2025-02-12,16.0,20.0,20.0,2752,66.0,2,12,2,1,2025,7,0,-46.0,3.3,2799.0,3290.0,4036.0,4903.0,12.0,36.0,39.0,50.0,104.0,99.0,2888.8,3190.2,169.76365924425224,376.5270537719396
512,2025-02-13,15.0,10.0,23.0,2703,72.0,3,13,2,1,2025,7,0,-49.0,3.130434782608696,2752.0,3181.0,3923.0,4881.0,20.0,27.0,47.0,66.0,145.0,159.0,2793.2,3068.2,68.41564148642185,303.22005210729867
513,2025-02-17,8.0,17.0,14.0,2532,15.0,0,17,2,1,2025,8,0,-1.0,1.0714285714285714,,2834.0,3403.0,4638.0,,15.0,11.0,,63.0,102.0,2696.5,2925.3333333333335,116.46029366268206,284.4169474555697
514,2025-02-18,18.0,19.0,11.0,2536,9.0,1,18,2,1,2025,8,0,2.0,0.8181818181818182,2532.0,2799.0,3359.0,4728.0,14.0,12.0,29.0,15.0,50.0,74.0,2630.75,2833.8888888888887,113.50587356313984,258.69839796769844
515,2025-02-19,12.0,17.0,17.0,2528,19.0,2,19,2,1,2025,8,0,-2.0,1.1176470588235294,2536.0,2752.0,3290.0,4717.0,11.0,20.0,36.0,9.0,66.0,104.0,2574.75,2749.222222222222,85.5623554296212,211.07272311785192
516,2025-02-20,13.0,25.0,15.0,2520,32.0,3,20,2,1,2025,8,0,-17.0,2.1333333333333333,2528.0,2703.0,3181.0,4621.0,17.0,23.0,27.0,19.0,72.0,145.0,2529.0,2675.777777777778,6.831300510505264,147.46930000642143
517,2025-02-23,7.0,16.0,8.0,2423,35.0,6,23,2,1,2025,8,1,-27.0,4.375,,,2878.0,4241.0,,,23.0,,,99.0,2507.8,2625.222222222222,47.772376955711835,147.469300006418
518,2025-02-24,20.0,22.0,14.0,2413,24.0,0,24,2,1,2025,9,0,-10.0,1.7142857142857142,2423.0,2532.0,2834.0,4161.0,8.0,14.0,15.0,35.0,15.0,63.0,2484.0,2578.4444444444443,60.61765419412589,139.5233950909858
519,2025-02-25,11.0,7.0,7.0,2413,23.0,1,25,2,1,2025,9,0,-16.0,3.2857142857142856,2413.0,2536.0,2799.0,4096.0,14.0,11.0,12.0,24.0,9.0,50.0,2459.4,2535.5555555555557,59.18023318641647,121.40130879737032
520,2025-02-26,12.0,21.0,1.0,2411,23.0,2,26,2,1,2025,9,0,-22.0,23.0,2413.0,2528.0,2752.0,4036.0,7.0,17.0,20.0,23.0,19.0,66.0,2436.0,2497.6666666666665,47.19110085597317,95.95050807544443
521,2025-02-27,10.0,15.0,17.0,2391,37.0,3,27,2,1,2025,9,0,-20.0,2.176470588235294,2411.0,2520.0,2703.0,3923.0,1.0,15.0,23.0,23.0,32.0,72.0,2410.2,2463.0,11.713240371418582,63.29691935580464
522,2025-03-02,12.0,24.0,4.0,2297,31.0,6,2,3,1,2025,9,1,-27.0,7.75,,2423.0,,3483.0,,8.0,,,35.0,,2385.0,2446.4,50.05996404312162,79.47913772352759
523,2025-03-03,8.0,29.0,18.0,2287,25.0,0,3,3,1,2025,10,0,-7.0,1.3888888888888888,2297.0,2413.0,2532.0,3403.0,4.0,14.0,14.0,31.0,24.0,15.0,2359.8,2421.9,62.58753869580297,87.51564939386888
524,2025-03-04,4.0,25.0,10.0,2272,30.0,1,4,3,1,2025,10,0,-20.0,3.0,2287.0,2413.0,2536.0,3359.0,18.0,7.0,11.0,25.0,23.0,9.0,2331.6,2395.5,64.36458653637601,89.0770577767555
525,2025-03-05,5.0,20.0,4.0,2238,40.0,2,5,3,1,2025,10,0,-36.0,10.0,2272.0,2411.0,2528.0,3290.0,10.0,1.0,17.0,30.0,23.0,19.0,2297.0,2366.5,57.100788085617815,88.3506272375812
526,2025-03-06,7.0,27.0,6.0,2218,33.0,3,6,3,1,2025,10,0,-27.0,5.5,2238.0,2391.0,2520.0,3181.0,4.0,17.0,15.0,40.0,37.0,32.0,2262.4,2336.3,33.3961075575977,81.39212356068559
527,2025-03-09,12.0,25.0,15.0,2137,30.0,6,9,3,1,2025,10,1,-15.0,2.0,,2297.0,2423.0,2878.0,,4.0,8.0,,31.0,35.0,2230.4,2307.7,58.8837838457978,96.4054516666496
528,2025-03-10,6.0,28.0,8.0,2125,23.0,0,10,3,1,2025,11,0,-15.0,2.875,2137.0,2287.0,2413.0,2834.0,15.0,18.0,14.0,30.0,25.0,24.0,2198.0,2278.9,64.27674540608477,104.15954642302445
529,2025-03-11,3.0,11.0,7.0,2116,20.0,1,11,3,1,2025,11,0,-13.0,2.857142857142857,2125.0,2272.0,2413.0,2799.0,8.0,10.0,7.0,23.0,30.0,23.0,2166.8,2249.2,56.80404915143499,104.01687897187477
530,2025-03-12,6.0,18.0,2.0,2113,8.0,2,12,3,1,2025,11,0,-6.0,4.0,2116.0,2238.0,2411.0,2752.0,7.0,4.0,1.0,20.0,40.0,23.0,2141.8,2219.4,43.608485412802956,94.79006042562449
531,2025-03-13,4.0,20.0,9.0,2116,6.0,3,13,3,1,2025,11,0,3.0,0.6666666666666666,2113.0,2218.0,2391.0,2703.0,2.0,6.0,17.0,8.0,33.0,37.0,2121.4,2191.9,9.81325634020902,77.85235313608949
532,2025-03-16,1.0,9.0,8.0,2117,5.0,6,16,3,1,2025,11,1,3.0,0.625,,2137.0,2297.0,,,15.0,4.0,,30.0,31.0,2117.4,2173.9,4.505552130278038,71.39319917769518
533,2025-03-17,5.0,14.0,0.0,2111,8.0,0,17,3,1,2025,12,0,-8.0,,2117.0,2125.0,2287.0,2532.0,8.0,8.0,18.0,5.0,23.0,25.0,2114.6,2156.3,2.5099800793339133,61.40946362051272
534,2025-03-18,19.0,34.0,6.0,2109,8.0,1,18,3,1,2025,12,0,-2.0,1.3333333333333333,2111.0,2116.0,2272.0,2536.0,0.0,7.0,10.0,8.0,20.0,30.0,2113.2,2140.0,3.3466401059350255,47.29810895847399
535,2025-03-19,6.0,22.0,14.0,2119,9.0,2,19,3,1,2025,12,0,5.0,0.6428571428571429,2109.0,2113.0,2238.0,2528.0,6.0,2.0,4.0,8.0,8.0,40.0,2114.4,2128.1,4.219004621786125,32.583056263830116
536,2025-03-20,9.0,20.0,11.0,2124,7.0,3,20,3,1,2025,12,0,4.0,0.6363636363636364,2119.0,2116.0,2218.0,2520.0,14.0,9.0,6.0,9.0,6.0,33.0,2116.0,2118.7,6.082762530187474,8.206366088631597
537,2025-03-23,15.0,29.0,9.0,2136,2.0,6,23,3,1,2025,12,1,7.0,0.2222222222222222,,2117.0,2137.0,2423.0,,8.0,15.0,,5.0,30.0,2119.8,2118.6,10.894952959910006,7.961016123207768
538,2025-03-24,7.0,13.0,11.0,2139,7.0,0,24,3,1,2025,13,0,4.0,0.6363636363636364,2136.0,2111.0,2125.0,2413.0,9.0,0.0,8.0,2.0,8.0,23.0,2125.4,2120.0,12.340988615125244,10.143416033324797
539,2025-03-25,12.0,19.0,7.0,2145,6.0,1,25,3,1,2025,13,0,1.0,0.8571428571428571,2139.0,2109.0,2116.0,2413.0,11.0,6.0,7.0,7.0,8.0,20.0,2132.6,2122.9,10.784247771571776,12.696893755851688
540,2025-03-26,9.0,21.0,15.0,2159,2.0,2,26,3,1,2025,13,0,13.0,0.13333333333333333,2145.0,2119.0,2113.0,2411.0,7.0,14.0,2.0,6.0,9.0,8.0,2140.6,2127.5,12.81795615527888,16.4806283571795
541,2025-03-27,1.0,19.0,13.0,2159,2.0,3,27,3,1,2025,13,0,11.0,0.15384615384615385,2159.0,2124.0,2116.0,2391.0,15.0,11.0,9.0,2.0,7.0,6.0,2147.6,2131.8,10.899541274689156,18.617793160271642
542,2025-03-30,9.0,20.0,5.0,2188,2.0,6,30,3,1,2025,13,1,3.0,0.4,,2136.0,2117.0,2297.0,,9.0,8.0,,2.0,5.0,2158.0,2138.9,18.9208879283889,24.843733838689978
543,2025-03-31,9.0,25.0,8.0,2193,5.0,0,31,3,1,2025,14,0,3.0,0.625,2188.0,2139.0,2111.0,2287.0,5.0,11.0,0.0,2.0,7.0,8.0,2168.8,2147.1,20.692993983439212,27.95015404336461
544,2025-04-01,17.0,36.0,7.0,2191,12.0,1,1,4,2,2025,14,0,-5.0,1.7142857142857142,2193.0,2145.0,2109.0,2272.0,8.0,7.0,6.0,5.0,6.0,8.0,2178.0,2155.3,17.435595774123982,27.55620518832889
545,2025-04-02,5.0,31.0,16.0,2208,3.0,2,2,4,2,2025,14,0,13.0,0.1875,2191.0,2159.0,2119.0,2238.0,7.0,15.0,14.0,12.0,2.0,9.0,2187.8,2164.2,17.852170736318005,28.870592495619142
546,2025-04-03,12.0,26.0,18.0,2223,8.0,3,3,4,2,2025,14,0,10.0,0.4444444444444444,2208.0,2159.0,2124.0,2218.0,16.0,13.0,11.0,3.0,2.0,7.0,2200.6,2174.1,14.707141122551587,30.482964275940493
547,2025-04-06,7.0,14.0,7.0,2234,11.0,6,6,4,2,2025,14,1,-4.0,1.5714285714285714,,2188.0,2136.0,2137.0,,5.0,9.0,,2.0,2.0,2209.8,2183.9,18.700267377731446,32.55576412426974
548,2025-04-07,12.0,22.0,9.0,2237,5.0,0,7,4,2,2025,15,0,4.0,0.5555555555555556,2234.0,2193.0,2139.0,2125.0,7.0,8.0,11.0,11.0,5.0,7.0,2218.6,2193.7,19.165072397427735,32.28708031849616
549,2025-04-08,12.0,34.0,12.0,2243,9.0,1,8,4,2,2025,15,0,3.0,0.75,2237.0,2191.0,2145.0,2116.0,9.0,7.0,7.0,5.0,12.0,6.0,2229.0,2203.5,13.802173741793258,30.69654341640765
550,2025-04-09,6.0,19.0,10.0,2251,5.0,2,9,4,2,2025,15,0,5.0,0.5,2243.0,2208.0,2159.0,2113.0,12.0,16.0,15.0,9.0,3.0,2.0,2237.6,2212.7,10.430723848259413,29.646247653586336
551,2025-04-10,18.0,25.0,17.0,2265,6.0,3,10,4,2,2025,15,0,11.0,0.35294117647058826,2251.0,2223.0,2159.0,2116.0,10.0,18.0,13.0,5.0,8.0,2.0,2246.0,2223.3,12.449899597934438,27.158178631944683
552,2025-04-11,8.0,22.0,8.0,2267,9.0,4,11,4,2,2025,15,0,-1.0,1.125,2265.0,,,,17.0,,,6.0,,,2249.5,2227.2727272727275,14.053469322516717,28.938178618606905
553,2025-04-13,5.0,26.0,10.0,2283,3.0,6,13,4,2,2025,15,1,7.0,0.3,,2234.0,2188.0,2117.0,,7.0,5.0,,11.0,2.0,2257.6666666666665,2235.909090909091,17.142539679568685,30.194219795107493
554,2025-04-14,5.0,26.0,9.0,2282,13.0,0,14,4,2,2025,16,0,-4.0,1.4444444444444444,2283.0,2237.0,2193.0,2111.0,10.0,9.0,8.0,3.0,5.0,5.0,2265.1666666666665,2244.0,16.104864689453006,29.461839724370243
555,2025-04-15,4.0,19.0,12.0,2286,7.0,1,15,4,2,2025,16,0,5.0,0.5833333333333334,2282.0,2243.0,2191.0,2109.0,9.0,12.0,7.0,13.0,9.0,12.0,2272.3333333333335,2252.6363636363635,13.647954669678262,26.104684357393875
556,2025-04-16,11.0,30.0,5.0,2291,8.0,2,16,4,2,2025,16,0,-3.0,1.6,2286.0,2251.0,2208.0,2119.0,12.0,10.0,16.0,7.0,5.0,3.0,2279.0,2260.181818181818,10.564090116944882,23.806798111219816
557,2025-04-17,7.0,26.0,10.0,2288,14.0,3,17,4,2,2025,16,0,-4.0,1.4,2291.0,2265.0,2223.0,2124.0,5.0,17.0,18.0,8.0,6.0,8.0,2282.8333333333335,2266.090909090909,8.42417157147244,21.6215380821011
558,2025-04-20,4.0,15.0,6.0,2305,4.0,6,20,4,2,2025,16,1,2.0,0.6666666666666666,,2283.0,2234.0,2136.0,,10.0,7.0,,3.0,11.0,2290.4,2272.5454545454545,8.792041856058693,21.681160651996244
559,2025-04-21,10.0,25.0,5.0,2308,6.0,0,21,4,2,2025,17,0,-1.0,1.2,2305.0,2282.0,2237.0,2139.0,6.0,9.0,9.0,4.0,13.0,5.0,2295.6,2279.0,10.163660757753428,20.581545130165644
560,2025-04-22,7.0,19.0,14.0,2305,17.0,1,22,4,2,2025,17,0,-3.0,1.2142857142857142,2308.0,2286.0,2243.0,2145.0,5.0,12.0,12.0,6.0,7.0,9.0,2299.4,2284.6363636363635,9.181503144839821,18.073586954439318
561,2025-04-23,3.0,23.0,4.0,2300,11.0,2,23,4,2,2025,17,0,-7.0,2.75,2305.0,2291.0,2251.0,2159.0,14.0,5.0,10.0,17.0,8.0,5.0,2301.2,2289.090909090909,7.918333157850021,14.672794861106427
562,2025-04-24,3.0,9.0,7.0,2294,13.0,3,24,4,2,2025,17,0,-6.0,1.8571428571428572,2300.0,2288.0,2265.0,2159.0,4.0,10.0,17.0,11.0,14.0,6.0,2302.4,2291.7272727272725,5.504543577691854,12.3295653517642
563,2025-04-27,9.0,40.0,12.0,2301,4.0,6,27,4,2,2025,17,1,8.0,0.3333333333333333,,2305.0,2283.0,2188.0,,6.0,10.0,,4.0,3.0,2301.6,2296.0,5.319774431186641,9.043106640807157
564,2025-04-28,6.0,26.0,12.0,2307,8.0,0,28,4,2,2025,18,0,4.0,0.6666666666666666,2301.0,2308.0,2282.0,2193.0,12.0,5.0,9.0,4.0,6.0,13.0,2301.4,2298.5,5.029910535855216,8.15475321142679
565,2025-04-29,11.0,25.0,11.0,2304,15.0,1,29,4,2,2025,18,0,-4.0,1.3636363636363635,2307.0,2305.0,2286.0,2191.0,12.0,14.0,12.0,8.0,17.0,7.0,2301.2,2300.3,4.86826457772241,6.9928534904791215
566,2025-04-30,7.0,34.0,9.0,2309,12.0,2,30,4,2,2025,18,0,-3.0,1.3333333333333333,2304.0,2300.0,2291.0,2208.0,11.0,4.0,5.0,15.0,11.0,8.0,2303.0,2302.1,5.873670062125583,6.640783081786111
567,2025-05-01,13.0,32.0,14.0,2306,16.0,3,1,5,2,2025,18,0,-2.0,1.1428571428571428,2309.0,2294.0,2288.0,2223.0,9.0,7.0,10.0,12.0,13.0,14.0,2305.4,2303.9,3.049590136184736,4.483302347530018
568,2025-05-04,9.0,31.0,10.0,2335,5.0,6,4,5,2,2025,18,1,5.0,0.5,,2301.0,2305.0,2234.0,,12.0,6.0,,4.0,4.0,2312.2,2306.9,12.872451203975375,10.836666151208851
569,2025-05-05,15.0,44.0,20.0,2331,17.0,0,5,5,2,2025,19,0,3.0,0.85,2335.0,2307.0,2308.0,2237.0,10.0,12.0,5.0,5.0,8.0,6.0,2317.0,2309.2,14.781745499051743,13.264823990352081
570,2025-05-06,10.0,33.0,16.0,2339,16.0,1,6,5,2,2025,19,0,0.0,1.0,2331.0,2304.0,2305.0,2243.0,20.0,11.0,14.0,17.0,15.0,17.0,2324.0,2312.6,15.362291495696558,16.119001897194178
571,2025-05-07,10.0,30.0,15.0,2335,10.0,2,7,5,2,2025,19,0,5.0,0.6666666666666666,2339.0,2309.0,2300.0,2251.0,16.0,9.0,4.0,16.0,12.0,11.0,2329.2,2316.1,13.274034804789421,16.861857019967093
572,2025-05-08,15.0,24.0,16.0,2361,11.0,3,8,5,2,2025,19,0,5.0,0.6875,2335.0,2306.0,2294.0,2265.0,15.0,14.0,7.0,10.0,16.0,13.0,2340.2,2322.8,11.966620241270284,20.10417314185017
573,2025-05-11,15.0,20.0,12.0,2385,3.0,6,11,5,2,2025,19,1,9.0,0.25,,2335.0,2301.0,2283.0,,10.0,12.0,,5.0,4.0,2350.2,2331.2,22.653917983404035,26.511213559252685
574,2025-05-12,7.0,33.0,14.0,2392,7.0,0,12,5,2,2025,20,0,7.0,0.5,2385.0,2331.0,2307.0,2282.0,12.0,20.0,12.0,3.0,17.0,8.0,2362.4,2339.7,25.91910492279429,31.116447953989578
575,2025-05-13,18.0,29.0,12.0,2394,11.0,1,13,5,2,2025,20,0,1.0,0.9166666666666666,2392.0,2339.0,2304.0,2286.0,14.0,16.0,11.0,7.0,16.0,15.0,2373.4,2348.7,25.165452509320005,32.622589309763576
576,2025-05-14,7.0,30.0,14.0,2394,11.0,2,14,5,2,2025,20,0,3.0,0.7857142857142857,2394.0,2335.0,2309.0,2291.0,12.0,15.0,9.0,11.0,10.0,12.0,2385.2,2357.2,14.024977718301828,32.20006901211179
577,2025-05-15,15.0,31.0,14.0,2410,14.0,3,15,5,2,2025,20,0,0.0,1.0,2394.0,2361.0,2306.0,2288.0,14.0,16.0,14.0,11.0,11.0,16.0,2395.0,2367.6,9.165151389850621,30.580313201405513
578,2025-05-18,13.0,28.0,14.0,2437,9.0,6,18,5,2,2025,20,1,5.0,0.6428571428571429,,2385.0,2335.0,2305.0,,12.0,10.0,,3.0,5.0,2405.4,2377.8,19.09973821807255,35.16563979459071
579,2025-05-19,7.0,27.0,17.0,2457,6.0,0,19,5,2,2025,21,0,11.0,0.35294117647058826,2437.0,2392.0,2331.0,2308.0,14.0,14.0,20.0,9.0,7.0,17.0,2418.4,2390.4,27.82624660278361,38.90786838369752
580,2025-05-21,14.0,62.0,13.0,2467,18.0,2,21,5,2,2025,21,0,-5.0,1.3846153846153846,,2394.0,2335.0,2300.0,,14.0,15.0,,11.0,10.0,2442.75,2410.777777777778,25.144581921332986,35.432251472046964
581,2025-05-22,18.0,36.0,17.0,2473,15.0,3,22,5,2,2025,21,0,2.0,0.8823529411764706,2467.0,2410.0,2361.0,2294.0,13.0,14.0,16.0,18.0,14.0,11.0,2458.5,2423.222222222222,15.779733838017084,35.432251472050474
582,2025-05-27,6.0,24.0,7.0,2504,11.0,1,27,5,2,2025,22,0,-4.0,1.5714285714285714,,,2394.0,2304.0,,,12.0,,,11.0,2481.3333333333335,2448.8571428571427,19.857828011426776,38.03256749667467
583,2025-05-28,12.0,39.0,12.0,2499,14.0,2,28,5,2,2025,22,0,-2.0,1.1666666666666667,2504.0,2467.0,2394.0,2309.0,7.0,13.0,14.0,11.0,18.0,11.0,2492.0,2463.8571428571427,16.643316977036523,33.18849484971444
584,2025-05-29,13.0,38.0,15.0,2506,11.0,3,29,5,2,2025,22,0,4.0,0.7333333333333333,2499.0,2473.0,2410.0,2306.0,12.0,17.0,14.0,14.0,15.0,14.0,2503.0,2477.5714285714284,3.605551275208083,26.355626487199057
585,2025-06-01,8.0,24.0,16.0,2528,12.0,6,1,6,2,2025,22,1,4.0,0.75,,,2437.0,2335.0,,,14.0,,,9.0,2509.25,2490.5714285714284,12.841988423349887,25.435258616071344
586,2025-06-02,10.0,19.0,5.0,2518,16.0,0,2,6,2,2025,23,0,-11.0,3.2,2528.0,,2457.0,2331.0,16.0,,17.0,12.0,,6.0,2511.0,2499.285714285714,11.78982612251313,22.268919188390026
587,2025-06-03,5.0,23.0,11.0,2519,15.0,1,3,6,2,2025,23,0,-4.0,1.3636363636363635,2518.0,2504.0,,2339.0,5.0,7.0,,16.0,11.0,,2514.0,2501.75,11.467344941140434,21.763337452455268
588,2025-06-04,4.0,16.0,9.0,2516,16.0,2,4,6,2,2025,23,0,-7.0,1.7777777777777777,2519.0,2499.0,2467.0,2335.0,11.0,12.0,13.0,15.0,14.0,18.0,2517.4,2507.875,7.861297602756565,16.94897805384093
589,2025-06-05,8.0,26.0,5.0,2503,21.0,3,5,6,2,2025,23,0,-16.0,4.2,2516.0,2506.0,2473.0,2361.0,9.0,15.0,17.0,16.0,11.0,15.0,2516.8,2511.625,8.983317872540487,10.041876599575215
590,2025-06-08,10.0,16.0,15.0,2507,13.0,6,8,6,2,2025,23,1,2.0,0.8666666666666667,,2528.0,,2385.0,,16.0,,,12.0,,2512.6,2511.1111111111113,7.1624018317250275,9.518986870831373
591,2025-06-09,8.0,21.0,14.0,2516,9.0,0,9,6,2,2025,24,0,5.0,0.6428571428571429,2507.0,2518.0,,2392.0,15.0,5.0,,13.0,16.0,,2512.2,2511.6,6.833739825241922,9.106774032356775
592,2025-06-10,17.0,28.0,7.0,2511,12.0,1,10,6,2,2025,24,0,-5.0,1.7142857142857142,2516.0,2519.0,2504.0,2394.0,14.0,11.0,7.0,9.0,15.0,11.0,2510.6,2512.3,5.6833088952734885,8.718435126454612
593,2025-06-17,7.0,24.0,10.0,2523,14.0,1,17,6,2,2025,25,0,-4.0,1.4,,2511.0,2519.0,,,7.0,11.0,,12.0,15.0,2523.0,2512.6666666666665,,7.174027220762054
594,2025-06-19,8.0,19.0,7.0,2501,18.0,3,19,6,2,2025,25,0,-11.0,2.5714285714285716,,,2503.0,2473.0,,,5.0,,,21.0,2512.0,2511.6,15.556349186104045,8.41427357957395
595,2025-06-22,7.0,13.0,5.0,2508,7.0,6,22,6,2,2025,25,1,-2.0,1.4,,,2507.0,,,,15.0,,,13.0,2510.6666666666665,2511.8,11.23981020005823,8.288546306314801
596,2025-06-23,3.0,15.0,5.0,2495,17.0,0,23,6,2,2025,26,0,-12.0,3.4,2508.0,,2516.0,,5.0,,14.0,7.0,,9.0,2506.75,2507.6,12.065791865158811,10.620734431843987
597,2025-06-24,5.0,20.0,5.0,2489,16.0,1,24,6,2,2025,26,0,-11.0,3.2,2495.0,2523.0,2511.0,2504.0,5.0,10.0,7.0,17.0,14.0,12.0,2498.25,2503.2,8.139410298049883,13.122499756966274
598,2025-06-25,6.0,12.0,2.0,2470,24.0,2,25,6,2,2025,26,0,-22.0,12.0,2489.0,,,2499.0,5.0,,,16.0,,,2492.6,2497.6666666666665,14.467204291085396,17.92949153109906
599,2025-06-26,3.0,9.0,7.0,2447,35.0,3,26,6,2,2025,26,0,-28.0,5.0,2470.0,2501.0,,2506.0,2.0,7.0,,24.0,18.0,,2481.8,2490.4285714285716,23.784448700779286,25.191646383932405
600,2025-06-29,5.0,17.0,7.0,2413,20.0,6,29,6,2,2025,26,1,-13.0,2.857142857142857,,2508.0,,2528.0,,5.0,,,7.0,,2462.8,2480.75,33.558903438581034,35.963274917382726
601,2025-06-30,9.0,22.0,8.0,2407,16.0,0,30,6,2,2025,27,0,-8.0,2.0,2413.0,2495.0,,2518.0,7.0,5.0,,20.0,17.0,,2445.2,2472.5555555555557,35.47111500925796,41.6656666538885
602,2025-07-01,7.0,14.0,6.0,2391,22.0,1,1,7,3,2025,27,0,-16.0,3.6666666666666665,2407.0,2489.0,2523.0,2519.0,8.0,5.0,10.0,16.0,16.0,14.0,2425.6,2457.8888888888887,32.1372058524073,44.80358368530352
603,2025-07-02,8.0,20.0,9.0,2373,38.0,2,2,7,3,2025,27,0,-29.0,4.222222222222222,2391.0,2470.0,,2516.0,6.0,2.0,,22.0,24.0,,2406.2,2449.4,27.589853207293412,50.04930901895951
604,2025-07-06,4.0,17.0,2.0,2332,8.0,6,6,7,3,2025,27,1,-6.0,4.0,,2413.0,2508.0,2507.0,,7.0,5.0,,20.0,7.0,2375.75,2424.1111111111113,32.30454044454636,55.31149167257488
605,2025-07-07,3.0,18.0,8.0,2317,20.0,0,7,7,3,2025,28,0,-12.0,2.5,2332.0,2407.0,2495.0,2516.0,2.0,8.0,5.0,8.0,16.0,17.0,2353.25,2404.3333333333335,34.54827540317078,58.52563540820222
606,2025-07-08,5.0,16.0,8.0,2306,20.0,1,8,7,3,2025,28,0,-12.0,2.5,2317.0,2391.0,2489.0,2511.0,8.0,6.0,5.0,20.0,22.0,16.0,2332.0,2384.0,29.33712096758414,57.20795399184805
607,2025-07-09,2.0,18.0,0.0,2281,32.0,2,9,7,3,2025,28,0,-32.0,,2306.0,2373.0,2470.0,,8.0,9.0,2.0,20.0,38.0,24.0,2309.0,2363.0,21.49418526020472,56.37597005757842
608,2025-07-10,2.0,12.0,3.0,2252,39.0,3,10,7,3,2025,28,0,-36.0,13.0,2281.0,,2447.0,,0.0,,7.0,32.0,,35.0,2297.6,2341.3333333333335,31.564220250150328,57.51738867449166
609,2025-07-13,1.0,13.0,4.0,2204,10.0,6,13,7,3,2025,28,1,-6.0,2.5,,2332.0,2413.0,,,2.0,7.0,,8.0,20.0,2272.0,2318.1111111111113,45.51373419090109,66.46135050571263
610,2025-07-14,2.0,9.0,1.0,2181,26.0,0,14,7,3,2025,29,0,-25.0,26.0,2204.0,2317.0,2407.0,,4.0,8.0,8.0,10.0,20.0,16.0,2244.8,2293.0,52.06438321924118,71.20393247519108
611,2025-07-15,0.0,8.0,5.0,2171,17.0,1,15,7,3,2025,29,0,-12.0,3.4,2181.0,2306.0,2391.0,2523.0,1.0,8.0,6.0,26.0,20.0,22.0,2217.8,2268.5555555555557,47.16672555944506,71.1180552160199
612,2025-07-16,1.0,9.0,0.0,2164,11.0,2,16,7,3,2025,29,0,-11.0,,2171.0,2281.0,2373.0,,5.0,0.0,9.0,17.0,32.0,38.0,2194.4,2245.3333333333335,35.5710556492215,66.73829485333448
613,2025-07-17,3.0,16.0,2.0,2153,17.0,3,17,7,3,2025,29,0,-15.0,8.5,2164.0,2252.0,,2501.0,0.0,3.0,,11.0,39.0,,2174.6,2236.1,19.346834366376683,69.36609802701687
614,2025-07-21,4.0,18.0,7.0,2121,16.0,0,21,7,3,2025,30,0,-9.0,2.2857142857142856,,2181.0,2317.0,2495.0,,1.0,8.0,,26.0,20.0,2152.25,2203.6666666666665,22.111460075415234,62.59392941755444
615,2025-07-22,5.0,13.0,3.0,2117,16.0,1,22,7,3,2025,30,0,-13.0,5.333333333333333,2121.0,2171.0,2306.0,2489.0,7.0,5.0,8.0,16.0,17.0,20.0,2138.75,2182.6666666666665,23.30057223903915,55.24264656883637
616,2025-07-23,6.0,21.0,5.0,2111,14.0,2,23,7,3,2025,30,0,-9.0,2.8,2117.0,2164.0,2281.0,2470.0,3.0,0.0,0.0,16.0,11.0,32.0,2125.5,2163.777777777778,18.78829422805639,45.64750206061046
617,2025-07-24,6.0,18.0,7.0,2096,29.0,3,24,7,3,2025,30,0,-22.0,4.142857142857143,2111.0,2153.0,2252.0,2447.0,5.0,2.0,3.0,14.0,17.0,39.0,2111.25,2146.4444444444443,10.965856099731534,36.70187703246826
618,2025-07-27,1.0,12.0,2.0,2088,4.0,6,27,7,3,2025,30,1,-2.0,2.0,,,2204.0,2413.0,,,4.0,,,10.0,2106.6,2133.5555555555557,14.081903280452325,34.24949310144843
619,2025-07-28,2.0,9.0,3.0,2080,14.0,0,28,7,3,2025,31,0,-11.0,4.666666666666667,2088.0,2121.0,2181.0,2407.0,2.0,7.0,1.0,4.0,16.0,26.0,2098.4,2122.3333333333335,15.469324484282241,33.29414362809412
620,2025-07-29,2.0,8.0,3.0,2072,12.0,1,29,7,3,2025,31,0,-9.0,4.0,2080.0,2117.0,2171.0,2391.0,3.0,3.0,5.0,14.0,16.0,17.0,2089.4,2111.3333333333335,15.026643005009971,31.511902512034077
621,2025-07-30,4.0,15.0,4.0,2063,16.0,2,30,7,3,2025,31,0,-12.0,4.0,2072.0,2111.0,2164.0,2373.0,3.0,5.0,0.0,12.0,14.0,11.0,2079.8,2100.1111111111113,12.969194269499422,28.224300009722576
622,2025-07-31,2.0,9.0,6.0,2058,15.0,3,31,7,3,2025,31,0,-9.0,2.5,2063.0,2096.0,2153.0,,4.0,7.0,2.0,16.0,29.0,17.0,2072.2,2089.5555555555557,12.214745187682663,23.308319924552283
623,2025-08-03,5.0,26.0,3.0,2049,5.0,6,3,8,3,2025,31,1,-2.0,1.6666666666666667,,2088.0,,2332.0,,2.0,,,4.0,,2064.4,2085.5,12.054044964244007,25.443837934249892
624,2025-08-04,5.0,22.0,11.0,2040,14.0,0,4,8,3,2025,32,0,-3.0,1.2727272727272727,2049.0,2080.0,2121.0,2317.0,3.0,3.0,7.0,5.0,14.0,16.0,2056.4,2077.4,12.381437719425689,25.777681990904995
625,2025-08-05,2.0,21.0,10.0,2042,14.0,1,5,8,3,2025,32,0,-4.0,1.4,2040.0,2072.0,2117.0,2306.0,11.0,3.0,3.0,14.0,12.0,16.0,2050.4,2069.9,9.964938534683387,23.811528485674582
626,2025-08-06,4.0,17.0,3.0,2036,13.0,2,6,8,3,2025,32,0,-10.0,4.333333333333333,2042.0,2063.0,2111.0,2281.0,10.0,4.0,5.0,14.0,16.0,14.0,2045.0,2062.4,8.66025403784544,21.082905132451682
627,2025-08-07,4.0,18.0,6.0,2031,17.0,3,7,8,3,2025,32,0,-11.0,2.8333333333333335,2036.0,2058.0,2096.0,2252.0,3.0,6.0,7.0,13.0,15.0,29.0,2039.6,2055.9,6.730527468186874,19.536006641340716
628,2025-08-10,0.0,18.0,8.0,2006,12.0,6,10,8,3,2025,32,1,-4.0,1.5,,2049.0,2088.0,2204.0,,3.0,2.0,,5.0,4.0,2031.0,2047.7,14.594519519327031,21.65922949130527
629,2025-08-11,6.0,23.0,4.0,1999,16.0,0,11,8,3,2025,33,0,-12.0,4.0,2006.0,2040.0,2080.0,2181.0,8.0,11.0,3.0,12.0,14.0,14.0,2022.8,2039.6,19.09712020174815,23.319996186896773
630,2025-08-12,8.0,38.0,9.0,1999,9.0,1,12,8,3,2025,33,0,0.0,1.0,1999.0,2042.0,2072.0,2171.0,4.0,10.0,3.0,16.0,14.0,12.0,2014.2,2032.3,17.935997323818302,23.47599246372231
631,2025-08-13,6.0,22.0,12.0,1997,17.0,2,13,8,3,2025,33,0,-5.0,1.4166666666666667,1999.0,2036.0,2063.0,2164.0,9.0,3.0,4.0,9.0,13.0,16.0,2006.4,2025.7,14.170391667135313,23.16151021608825
632,2025-08-14,3.0,27.0,4.0,1994,11.0,3,14,8,3,2025,33,0,-7.0,2.75,1997.0,2031.0,2058.0,2153.0,12.0,6.0,6.0,17.0,17.0,15.0,1999.0,2019.3,4.415880433166028,22.060774639891182
633,2025-08-17,4.0,14.0,2.0,1991,3.0,6,17,8,3,2025,33,1,-1.0,1.5,,2006.0,2049.0,,,8.0,3.0,,12.0,5.0,1996.0,2013.5,3.4641016151404376,20.982797185121917
634,2025-08-18,4.0,20.0,6.0,1985,14.0,0,18,8,3,2025,34,0,-8.0,2.3333333333333335,1991.0,1999.0,2040.0,2121.0,2.0,4.0,11.0,3.0,16.0,14.0,1993.2,2008.0,5.495452665615336,20.466775242401326
635,2025-08-19,5.0,35.0,3.0,1980,11.0,1,19,8,3,2025,34,0,-8.0,3.6666666666666665,1985.0,1999.0,2042.0,2117.0,6.0,9.0,10.0,14.0,9.0,14.0,1989.4,2001.8,6.877499545621145,18.298755268553496
636,2025-08-20,10.0,38.0,10.0,1983,10.0,2,20,8,3,2025,34,0,0.0,1.0,1980.0,1997.0,2036.0,2111.0,3.0,12.0,3.0,11.0,17.0,13.0,1986.6,1996.5,5.770615218503064,14.592616090965926
637,2025-08-21,6.0,49.0,8.0,1972,21.0,3,21,8,3,2025,34,0,-13.0,2.625,1983.0,1994.0,2031.0,2096.0,10.0,4.0,6.0,10.0,11.0,17.0,1982.2,1990.6,6.978538528948529,10.426462057902372
638,2025-08-24,4.0,21.0,5.0,1981,5.0,6,24,8,3,2025,34,1,0.0,1.0,,1991.0,2006.0,2088.0,,2.0,8.0,,3.0,12.0,1980.2,1988.1,4.9699094559176045,9.255028659560042
639,2025-08-25,8.0,30.0,8.0,1980,11.0,0,25,8,3,2025,35,0,-3.0,1.375,1981.0,1985.0,1999.0,2080.0,5.0,6.0,4.0,5.0,14.0,16.0,1979.2,1986.2,4.207136793594817,8.702490061299802
640,2025-08-26,10.0,21.0,20.0,1989,15.0,1,26,8,3,2025,35,0,5.0,0.75,1980.0,1980.0,1999.0,2072.0,8.0,3.0,9.0,11.0,11.0,9.0,1981.0,1985.2,6.12372435695952,7.568942384676988
641,2025-08-27,5.0,19.0,9.0,1988,19.0,2,27,8,3,2025,35,0,-10.0,2.111111111111111,1989.0,1983.0,1997.0,2063.0,20.0,10.0,12.0,15.0,10.0,17.0,1982.0,1984.3,6.89202437604651,6.464432598654266
642,2025-08-28,8.0,33.0,6.0,1984,17.0,3,28,8,3,2025,35,0,-11.0,2.8333333333333335,1988.0,1972.0,1994.0,2058.0,9.0,8.0,4.0,19.0,21.0,11.0,1984.4,1983.3,4.03732584763966,5.498484633694139
643,2025-09-01,10.0,29.0,17.0,2010,5.0,0,1,9,3,2025,36,0,12.0,0.29411764705882354,,1980.0,1985.0,2040.0,,8.0,6.0,,11.0,14.0,1992.75,1985.2222222222222,11.701139545646495,10.544877636550591
644,2025-09-02,6.0,35.0,9.0,2020,9.0,1,2,9,3,2025,36,0,0.0,1.0,2010.0,1989.0,1980.0,2042.0,17.0,20.0,3.0,5.0,15.0,11.0,2000.5,1989.6666666666667,17.310882896799118,15.38668255100718
645,2025-09-03,4.0,29.0,11.0,2019,10.0,2,3,9,3,2025,36,0,1.0,0.9090909090909091,2020.0,1988.0,1983.0,2036.0,9.0,9.0,10.0,9.0,19.0,10.0,2008.25,1993.6666666666667,16.780444968276566,17.909494686493765
646,2025-09-04,11.0,40.0,2.0,2015,14.0,3,4,9,3,2025,36,0,-12.0,7.0,2019.0,1984.0,1972.0,2031.0,11.0,6.0,8.0,10.0,17.0,21.0,2016.0,1998.4444444444443,4.546060565664769,17.12535481978174
647,2025-09-07,4.0,19.0,9.0,2026,7.0,6,7,9,3,2025,36,1,2.0,0.7777777777777778,,,1981.0,2006.0,,,5.0,,,5.0,2018.0,2003.4444444444443,5.958187643908105,17.94513242368309
648,2025-09-08,7.0,25.0,5.0,2025,6.0,0,8,9,3,2025,37,0,-1.0,1.2,2026.0,2010.0,1980.0,1999.0,9.0,17.0,8.0,7.0,5.0,11.0,2021.0,2008.4444444444443,4.52769256907083,16.830857901593212
649,2025-09-09,18.0,42.0,11.0,2023,14.0,1,9,9,3,2025,37,0,-3.0,1.2727272727272727,2025.0,2020.0,1989.0,1999.0,5.0,9.0,20.0,6.0,9.0,15.0,2021.6,2012.2222222222222,4.5607017003986625,15.698549116729392
650,2025-09-10,10.0,47.0,14.0,2025,18.0,2,10,9,3,2025,37,0,-4.0,1.2857142857142858,2023.0,2019.0,1988.0,1997.0,11.0,11.0,9.0,14.0,10.0,19.0,2022.8,2016.3333333333333,4.494441010851,13.209844810822084
651,2025-09-11,12.0,38.0,29.0,2047,6.0,3,11,9,3,2025,37,0,23.0,0.20689655172413793,2025.0,2015.0,1984.0,1994.0,14.0,2.0,6.0,18.0,14.0,17.0,2029.2,2023.3333333333333,10.00999500499472,10.307764060461588
652,2025-09-14,7.0,39.0,13.0,2083,5.0,6,14,9,3,2025,37,1,8.0,0.38461538461538464,,2026.0,,1991.0,,9.0,,,7.0,,2040.6,2029.3,25.667099563449323,21.22393826531758
653,2025-09-15,9.0,47.0,10.0,2086,10.0,0,15,9,3,2025,38,0,0.0,1.0,2083.0,2025.0,2010.0,1985.0,13.0,5.0,17.0,5.0,6.0,5.0,2052.8,2036.9,30.449958949069522,26.49716965893891
654,2025-09-16,7.0,28.0,17.0,2095,12.0,1,16,9,3,2025,38,0,5.0,0.7058823529411765,2086.0,2023.0,2020.0,1980.0,10.0,11.0,9.0,10.0,14.0,9.0,2067.2,2044.4,29.85297305127278,31.351767625894098
655,2025-09-17,7.0,38.0,5.0,2096,13.0,2,17,9,3,2025,38,0,-8.0,2.6,2095.0,2025.0,2019.0,1983.0,17.0,14.0,11.0,12.0,18.0,10.0,2081.4,2052.1,20.032473636573716,33.78181627808036
656,2025-09-18,20.0,52.0,11.0,2096,14.0,3,18,9,3,2025,38,0,-3.0,1.2727272727272727,2096.0,2047.0,2015.0,1972.0,5.0,29.0,2.0,13.0,6.0,14.0,2091.2,2060.2,6.220932405999946,33.608200056624824
657,2025-09-21,8.0,35.0,13.0,2134,5.0,6,21,9,3,2025,38,1,8.0,0.38461538461538464,,2083.0,2026.0,1981.0,,13.0,9.0,,5.0,7.0,2101.4,2071.0,18.702940945210187,38.40717525471384
658,2025-09-22,17.0,40.0,14.0,2141,10.0,0,22,9,3,2025,39,0,4.0,0.7142857142857143,2134.0,2086.0,2025.0,1980.0,13.0,10.0,5.0,5.0,10.0,6.0,2112.4,2082.6,23.049945770001685,40.43430886349764
659,2025-09-23,11.0,36.0,10.0,2145,15.0,1,23,9,3,2025,39,0,-5.0,1.5,2141.0,2095.0,2023.0,1989.0,14.0,17.0,11.0,10.0,12.0,14.0,2122.4,2094.8,24.419254697881698,38.826680402098695
660,2025-09-24,3.0,38.0,12.0,2138,17.0,2,24,9,3,2025,39,0,-5.0,1.4166666666666667,2145.0,2096.0,2025.0,1988.0,10.0,5.0,14.0,15.0,13.0,18.0,2130.8,2106.1,19.86705816169108,32.11939531640287
661,2025-09-25,6.0,35.0,12.0,2132,18.0,3,25,9,3,2025,39,0,-6.0,1.5,2138.0,2096.0,2047.0,1984.0,12.0,11.0,29.0,17.0,14.0,6.0,2138.0,2114.6,5.244044240852113,25.255142489366126
662,2025-09-28,11.0,29.0,12.0,2146,9.0,6,28,9,3,2025,39,1,3.0,0.75,,2134.0,2083.0,,,13.0,13.0,,5.0,5.0,2140.4,2120.9,5.683308895354365,24.33767084497413
663,2025-09-29,8.0,35.0,12.0,2148,13.0,0,29,9,3,2025,40,0,-1.0,1.0833333333333333,2146.0,2141.0,2086.0,2010.0,12.0,14.0,10.0,9.0,10.0,10.0,2141.8,2127.1,6.648308055438896,22.268313310935284
664,2025-09-30,8.0,32.0,12.0,2159,7.0,1,30,9,3,2025,40,0,5.0,0.5833333333333334,2148.0,2145.0,2095.0,2020.0,12.0,10.0,17.0,13.0,15.0,12.0,2144.6,2133.5,10.285912696499729,21.18830914397768
665,2025-10-01,4.0,33.0,12.0,2163,14.0,2,1,10,4,2025,40,0,-2.0,1.1666666666666667,2159.0,2138.0,2096.0,2019.0,12.0,12.0,5.0,7.0,17.0,13.0,2149.6,2140.2,12.177848742697327,18.42582728258258
666,2025-10-02,20.0,51.0,15.0,2164,16.0,3,2,10,4,2025,40,0,-1.0,1.0666666666666667,2163.0,2132.0,2096.0,2015.0,12.0,12.0,11.0,14.0,18.0,14.0,2156.0,2147.0,8.455767262644791,11.575836900051177
667,2025-10-05,8.0,28.0,13.0,2180,16.0,6,5,10,4,2025,40,1,-3.0,1.2307692307692308,,2146.0,2134.0,2026.0,,12.0,13.0,,9.0,5.0,2162.8,2151.6,11.51954860226799,14.584618988776718
668,2025-10-06,5.0,33.0,15.0,2187,10.0,0,6,10,4,2025,41,0,5.0,0.6666666666666666,2180.0,2148.0,2141.0,2025.0,13.0,12.0,14.0,16.0,13.0,10.0,2170.6,2156.2,12.177848742697293,17.77513869122595
669,2025-10-07,11.0,45.0,4.0,2189,10.0,1,7,10,4,2025,41,0,-6.0,2.5,2187.0,2159.0,2145.0,2023.0,15.0,12.0,10.0,10.0,7.0,15.0,2176.6,2160.6,12.42175510948492,20.001111078669798
670,2025-10-08,8.0,49.0,15.0,2192,17.0,2,8,10,4,2025,41,0,-2.0,1.1333333333333333,2189.0,2163.0,2138.0,2025.0,4.0,12.0,12.0,10.0,14.0,17.0,2182.4,2166.0,11.193748255165238,20.504741997435314
671,2025-10-09,11.0,55.0,13.0,2192,12.0,3,9,10,4,2025,41,0,1.0,0.9230769230769231,2192.0,2164.0,2132.0,2047.0,15.0,15.0,12.0,17.0,16.0,18.0,2188.0,2172.0,4.949747468307277,18.08621328659383
672,2025-10-13,8.0,24.0,7.0,2223,6.0,0,13,10,4,2025,42,0,1.0,0.8571428571428571,,2187.0,2148.0,2086.0,,15.0,12.0,,10.0,13.0,2199.0,2183.222222222222,16.062378404209603,19.873209211746882
673,2025-10-14,7.0,30.0,16.0,2235,8.0,1,14,10,4,2025,42,0,8.0,0.5,2223.0,2189.0,2159.0,2095.0,7.0,4.0,12.0,6.0,10.0,7.0,2210.5,2191.6666666666665,21.916508237704075,24.010414405619752
674,2025-10-15,8.0,29.0,10.0,2225,15.0,2,15,10,4,2025,42,0,-5.0,1.5,2235.0,2192.0,2163.0,2096.0,16.0,15.0,12.0,8.0,17.0,14.0,2218.75,2198.5555555555557,18.58987179443021,23.649054478086743
675,2025-10-16,9.0,33.0,15.0,2233,9.0,3,16,10,4,2025,42,0,6.0,0.6,2225.0,2192.0,2164.0,2096.0,10.0,13.0,15.0,15.0,12.0,16.0,2229.0,2206.222222222222,5.8878405775536,22.185455694538753
676,2025-10-19,9.0,34.0,17.0,2237,7.0,6,19,10,4,2025,42,1,10.0,0.4117647058823529,,,2180.0,2134.0,,,13.0,,,16.0,2230.6,2212.5555555555557,6.228964600960197,21.898122698254472
677,2025-10-20,10.0,39.0,6.0,2243,7.0,0,20,10,4,2025,43,0,-1.0,1.1666666666666667,2237.0,2223.0,2187.0,2141.0,17.0,7.0,15.0,7.0,6.0,10.0,2234.6,2218.777777777778,6.542170893519648,21.68396745004488
678,2025-10-21,13.0,39.0,17.0,2251,9.0,1,21,10,4,2025,43,0,8.0,0.5294117647058824,2243.0,2235.0,2189.0,2145.0,6.0,16.0,4.0,7.0,8.0,10.0,2237.8,2225.6666666666665,9.859006035093746,20.874625743478873
679,2025-10-22,12.0,42.0,13.0,2261,12.0,2,22,10,4,2025,43,0,1.0,0.9230769230769231,2251.0,2225.0,2192.0,2138.0,17.0,10.0,15.0,9.0,15.0,17.0,2245.0,2233.3333333333335,11.224972160322455,19.595917940491557
680,2025-10-23,4.0,27.0,26.0,2266,18.0,3,23,10,4,2025,43,0,8.0,0.6923076923076923,2261.0,2233.0,2192.0,2132.0,13.0,15.0,13.0,12.0,9.0,12.0,2251.6,2241.5555555555557,12.074767078499468,15.09230856126516
681,2025-10-26,4.0,35.0,12.0,2276,10.0,6,26,10,4,2025,43,1,2.0,0.8333333333333334,,2237.0,,2146.0,,17.0,,,7.0,,2259.4,2245.0,12.8569047597007,17.919573405902952
682,2025-10-27,2.0,31.0,8.0,2282,11.0,0,27,10,4,2025,44,0,-3.0,1.375,2276.0,2243.0,2223.0,2148.0,12.0,6.0,7.0,10.0,7.0,6.0,2267.2,2250.9,12.235195135346837,19.513243364577267
683,2025-10-28,6.0,22.0,11.0,2286,6.0,1,28,10,4,2025,44,0,5.0,0.5454545454545454,2282.0,2251.0,2235.0,2159.0,8.0,17.0,16.0,11.0,9.0,8.0,2274.2,2256.0,10.545141061172036,21.46314670791126
684,2025-10-29,6.0,25.0,4.0,2280,17.0,2,29,10,4,2025,44,0,-13.0,4.25,2286.0,2261.0,2225.0,2163.0,11.0,13.0,10.0,6.0,12.0,15.0,2278.0,2261.5,7.615773105865041,19.60300430333433
685,2025-10-30,3.0,17.0,14.0,2287,12.0,3,30,10,4,2025,44,0,2.0,0.8571428571428571,2280.0,2266.0,2233.0,2164.0,4.0,26.0,15.0,17.0,18.0,9.0,2282.2,2266.9,4.494441010850796,18.272322723634602
686,2025-11-02,5.0,21.0,10.0,2277,7.0,6,2,11,4,2025,44,1,3.0,0.7,,2276.0,2237.0,2180.0,,12.0,17.0,,10.0,7.0,2282.4,2270.9,4.159326868619252,15.102979836408306
687,2025-11-03,3.0,28.0,5.0,2269,12.0,0,3,11,4,2025,45,0,-7.0,2.4,2277.0,2282.0,2243.0,2187.0,10.0,8.0,6.0,7.0,11.0,7.0,2279.8,2273.5,7.328028384225775,11.597413502113644
688,2025-11-04,6.0,33.0,6.0,2270,8.0,1,4,11,4,2025,45,0,-2.0,1.3333333333333333,2269.0,2286.0,2251.0,2189.0,5.0,11.0,17.0,12.0,6.0,9.0,2276.6,2275.4,7.436396977032547,8.694826044208483
689,2025-11-05,8.0,41.0,8.0,2272,7.0,2,5,11,4,2025,45,0,1.0,0.875,2270.0,2280.0,2261.0,2192.0,6.0,4.0,13.0,8.0,17.0,12.0,2275.0,2276.5,7.382411530117967,7.245688368890018
690,2025-11-06,6.0,33.0,9.0,2264,19.0,3,6,11,4,2025,45,0,-10.0,2.111111111111111,2272.0,2287.0,2266.0,2192.0,8.0,14.0,26.0,7.0,12.0,18.0,2270.4,2276.3,4.722287581249037,7.587270036431483
691,2025-11-09,11.0,33.0,5.0,2294,4.0,6,9,11,4,2025,45,1,1.0,0.8,,2277.0,2276.0,,,10.0,12.0,,7.0,10.0,2273.8,2278.1,11.670475568716894,9.421606370771716
692,2025-11-11,11.0,39.0,12.0,2294,14.0,1,11,11,4,2025,46,0,-2.0,1.1666666666666667,,2270.0,2286.0,2235.0,,6.0,11.0,,8.0,6.0,2281.0,2278.5555555555557,15.362291495738011,11.023963792995472
693,2025-11-12,14.0,48.0,20.0,2302,7.0,2,12,11,4,2025,46,0,13.0,0.35,2294.0,2272.0,2280.0,2225.0,12.0,8.0,4.0,14.0,7.0,17.0,2288.5,2281.0,16.76305461424094,13.536986368152633
694,2025-11-13,6.0,26.0,16.0,2317,5.0,3,13,11,4,2025,46,0,11.0,0.3125,2302.0,2264.0,2287.0,2233.0,20.0,9.0,14.0,7.0,19.0,12.0,2301.75,2284.3333333333335,10.843584893076633,18.11767093010644
695,2025-11-16,5.0,22.0,3.0,2340,5.0,6,16,11,4,2025,46,1,-2.0,1.6666666666666667,,2294.0,2277.0,2237.0,,5.0,10.0,,4.0,7.0,2313.25,2291.3333333333335,20.22168802713293,25.568535349757088
696,2025-11-17,1.0,35.0,6.0,2343,8.0,0,17,11,4,2025,47,0,-2.0,1.3333333333333333,2340.0,,2269.0,2243.0,3.0,,5.0,5.0,,12.0,2319.2,2299.5555555555557,21.993180761318264,29.138081229033197
697,2025-11-18,2.0,38.0,8.0,2345,12.0,1,18,11,4,2025,47,0,-4.0,1.5,2343.0,2294.0,2270.0,2251.0,6.0,12.0,6.0,8.0,14.0,8.0,2329.4,2307.8888888888887,19.007893097343032,30.329212173138508
698,2025-11-19,7.0,32.0,3.0,2340,10.0,2,19,11,4,2025,47,0,-7.0,3.3333333333333335,2345.0,2302.0,2272.0,2261.0,8.0,20.0,8.0,12.0,7.0,7.0,2337.0,2315.4444444444443,11.379806676741925,28.697173688537426
699,2025-11-20,18.0,57.0,8.0,2340,9.0,3,20,11,4,2025,47,0,-1.0,1.125,2340.0,2317.0,2264.0,2266.0,3.0,16.0,9.0,10.0,5.0,19.0,2341.6,2323.8888888888887,2.3021728866486217,22.087578206847443
700,2025-11-23,3.0,46.0,22.0,2375,1.0,6,23,11,4,2025,47,1,21.0,0.045454545454545456,,2340.0,2294.0,2276.0,,3.0,5.0,,5.0,4.0,2348.6,2332.8888888888887,14.909728367747713,24.730772552506302
701,2025-11-24,9.0,40.0,9.0,2371,13.0,0,24,11,4,2025,48,0,-4.0,1.4444444444444444,2375.0,2343.0,,2282.0,22.0,6.0,,1.0,8.0,,2354.2,2336.7,17.340703561275188,26.246904578259162
702,2025-11-25,6.0,47.0,14.0,2375,11.0,1,25,11,4,2025,48,0,3.0,0.7857142857142857,2371.0,2345.0,2294.0,2286.0,9.0,8.0,12.0,13.0,12.0,14.0,2360.2,2344.8,18.51215816699996,24.00833188583496
703,2025-11-27,4.0,24.0,8.0,2389,7.0,3,27,11,4,2025,48,0,1.0,0.875,,2340.0,2317.0,2287.0,,8.0,16.0,,9.0,5.0,2377.5,2357.5555555555557,7.895146188220194,19.59662669213785
704,2025-11-30,4.0,18.0,10.0,2415,0.0,6,30,11,4,2025,48,1,10.0,0.0,,2375.0,2340.0,2277.0,,22.0,3.0,,1.0,5.0,2387.5,2365.8888888888887,19.891371663781754,26.074146410659846
705,2025-12-01,4.0,26.0,4.0,2410,9.0,0,1,12,4,2025,49,0,-5.0,2.25,2415.0,2371.0,2343.0,2269.0,10.0,9.0,6.0,0.0,13.0,8.0,2397.25,2373.3333333333335,18.625699092026043,28.200177303229463
706,2025-12-02,7.0,34.0,6.0,2407,8.0,1,2,12,4,2025,49,0,-2.0,1.3333333333333333,2410.0,2375.0,2345.0,2270.0,4.0,14.0,8.0,9.0,11.0,12.0,2405.25,2380.222222222222,11.324751652907636,27.98561138117538
707,2025-12-03,4.0,32.0,8.0,2419,7.0,2,3,12,4,2025,49,0,1.0,0.875,2407.0,,2340.0,2272.0,6.0,,3.0,8.0,,10.0,2408.0,2389.0,11.575836902791336,26.119915771953
708,2025-12-04,16.0,39.0,7.0,2418,13.0,3,4,12,4,2025,49,0,-6.0,1.8571428571428572,2419.0,2389.0,2340.0,2264.0,8.0,8.0,8.0,7.0,7.0,9.0,2413.8,2397.6666666666665,5.167204273107989,20.068632238747792
709,2025-12-07,4.0,24.0,13.0,2429,12.0,6,7,12,4,2025,49,1,1.0,0.9230769230769231,,2415.0,2375.0,2294.0,,10.0,22.0,,0.0,1.0,2416.6,2403.6666666666665,8.619744775805481,20.512191495163023
710,2025-12-08,9.0,27.0,9.0,2440,4.0,0,8,12,4,2025,50,0,5.0,0.4444444444444444,2429.0,2410.0,2371.0,,13.0,4.0,9.0,12.0,9.0,13.0,2422.6,2411.3333333333335,12.461942063740569,19.65324400536477
711,2025-12-09,4.0,30.0,7.0,2443,8.0,1,9,12,4,2025,50,0,-1.0,1.1428571428571428,2440.0,2407.0,2375.0,2294.0,9.0,6.0,14.0,4.0,8.0,11.0,2429.8,2418.8888888888887,11.562871615650943,16.80360410881199
712,2025-12-10,10.0,54.0,5.0,2439,9.0,2,10,12,4,2025,50,0,-4.0,1.8,2443.0,2419.0,,2302.0,7.0,8.0,,8.0,7.0,,2433.8,2420.9,10.281050529981133,17.071418607579567
713,2025-12-11,7.0,47.0,9.0,2437,10.0,3,11,12,4,2025,50,0,-1.0,1.1111111111111112,2439.0,2418.0,2389.0,2317.0,5.0,7.0,8.0,9.0,13.0,7.0,2437.6,2425.7,5.272570530587943,13.474667588057208
714,2025-12-14,8.0,35.0,4.0,2462,8.0,6,14,12,4,2025,50,1,-4.0,2.0,,2429.0,2415.0,2340.0,,13.0,10.0,,12.0,0.0,2444.2,2430.4,10.183319694482035,17.050252521683507
715,2025-12-15,11.0,42.0,9.0,2470,7.0,0,15,12,4,2025,51,0,2.0,0.7777777777777778,2462.0,2440.0,2410.0,2343.0,4.0,9.0,4.0,8.0,4.0,9.0,2450.2,2436.4,14.855975228844017,19.46050130529247
716,2025-12-16,8.0,54.0,15.0,2468,9.0,1,16,12,4,2025,51,0,6.0,0.6,2470.0,2443.0,2407.0,2345.0,9.0,7.0,6.0,7.0,8.0,8.0,2455.2,2442.5,15.990622251808345,18.769064380519183
717,2025-12-17,7.0,31.0,11.0,2481,10.0,2,17,12,4,2025,51,0,1.0,0.9090909090909091,2468.0,2439.0,2419.0,2340.0,15.0,5.0,8.0,9.0,9.0,7.0,2463.6,2448.7,16.379865689315942,20.31994094337917
718,2025-12-18,11.0,50.0,6.0,2472,16.0,3,18,12,4,2025,51,0,-10.0,2.6666666666666665,2481.0,2437.0,2418.0,2340.0,11.0,9.0,7.0,10.0,10.0,13.0,2470.6,2454.1,6.913754406979642,18.333030298958295
719,2025-12-21,6.0,18.0,11.0,2484,14.0,6,21,12,4,2025,51,1,-3.0,1.2727272727272727,,2462.0,2429.0,2375.0,,4.0,13.0,,8.0,12.0,2475.0,2459.6,7.0710678118676435,18.215988091916728
